timestamp,step,controller,Q_load_kw_th,P_nonplant_kw,P_pv_kw,T_wb_C,price_cny_per_kwh,cp_flag,Q_chiller_kw_th,Q_tes_net_kw_th,P_plant_kw,P_grid_pos_kw,P_spill_kw,d_peak_kw,peak_slack_kw,soc,soc_next,u_signed,signed_du,mode_index,solver_status,solver_time_s,mode_integrality,strict_success,fallback_reason,mode_fractionality_max,mode_fractionality_mean,mode_fractionality_count,mode_fractionality_hours,solver_message,plant_tracking_error_kw_th,objective_value
2025-07-01 00:00:00,0,storage_priority_neutral_tes,2246.4,18000.0,0.0,27.828427124746188,0.0418,0,6746.4,4500.0,940.0464,18940.0464,0.0,18940.0464,0.0,0.5,0.56225,1.0,0.0,0,storage_priority_neutral,0.00027409999165683985,fixed,True,,0.0,0.0,0,0.0,,0.0,39319.12369588691
2025-07-01 00:15:00,1,storage_priority_neutral_tes,2236.4274856698435,18000.0,0.0,27.637383260400277,0.0418,0,6736.427485669843,4500.0,938.7898631944003,18938.7898631944,0.0,18940.0464,0.0,0.56225,0.624468875,1.0,0.0,0,storage_priority_neutral,0.00027409999165683985,fixed,True,,0.0,0.0,0,0.0,,0.0,39319.12369588691
2025-07-01 00:30:00,2,storage_priority_neutral_tes,2226.127697112687,18000.0,0.0,27.43504571603488,0.0418,0,6726.127697112687,4500.0,937.4920898361986,18937.4920898362,0.0,18940.0464,0.0,0.624468875,0.6866566405625001,1.0,0.0,0,storage_priority_neutral,0.00027409999165683985,fixed,True,,0.0,0.0,0,0.0,,0.0,39319.12369588691
2025-07-01 00:45:00,3,storage_priority_neutral_tes,2215.5447396043865,18000.0,0.0,27.22228093207841,0.0418,0,6715.544739604386,4500.0,936.1586371901527,18936.158637190154,0.0,18940.0464,0.0,0.6866566405625001,0.7488133122422189,1.0,0.0,0,storage_priority_neutral,0.00027409999165683985,fixed,True,,0.0,0.0,0,0.0,,0.0,39319.12369588691
2025-07-01 01:00:00,4,storage_priority_neutral_tes,2204.7239309937154,18000.0,0.0,27.0,0.0418,0,6704.723930993716,4500.0,934.7952153052082,18934.795215305207,0.0,18940.0464,0.0,0.7488133122422189,0.8109389055860978,1.0,0.0,0,storage_priority_neutral,0.00027409999165683985,fixed,True,,0.0,0.0,0,0.0,,0.0,39319.12369588691
2025-07-01 01:15:00,5,storage_priority_neutral_tes,2193.7116076443867,18000.0,0.0,26.769154760876006,0.0418,0,5006.110405445342,2812.398797800955,720.7699110861131,18720.769911086114,0.0,18940.0464,0.0,0.8109389055860978,0.849594530547207,0.6249775106224345,-0.37502248937756555,0,storage_priority_neutral,0.00027409999165683985,fixed,True,,0.0,0.0,0,0.0,,0.0,39319.12369588691
2025-07-01 01:30:00,6,storage_priority_neutral_tes,2182.554926015625,18000.0,0.0,26.53073372946036,0.0418,0,2211.748726616718,29.193800601093244,368.6803395537065,18368.680339553706,0.0,18940.0464,0.0,0.849594530547207,0.8495752027347264,0.006487511244687387,-0.6184899993777471,0,storage_priority_neutral,0.00027409999165683985,fixed,True,,0.0,0.0,0,0.0,,0.0,39319.12369588691
2025-07-01 01:45:00,7,storage_priority_neutral_tes,2171.3016607309687,18000.0,0.0,26.285757861212645,0.0418,0,2201.887063830665,30.585403099696123,367.4377700426638,18367.437770042663,0.0,18940.0464,0.0,0.8495752027347264,0.8495752123986327,0.006796756244376916,0.00030924499968952926,0,storage_priority_neutral,0.00027409999165683985,fixed,True,,0.0,0.0,0,0.0,,0.0,39319.12369588691
2025-07-01 02:00:00,8,storage_priority_neutral_tes,2160.0,18000.0,0.0,26.035276180410083,0.0418,0,2190.5847072984475,30.584707298447483,366.0136731196044,18366.013673119603,0.0,18940.0464,0.0,0.8495752123986327,0.8495752123938007,0.006796601621877218,-1.546224996980955e-07,0,storage_priority_neutral,0.00027409999165683985,fixed,True,,0.0,0.0,0,0.0,,0.0,39319.12369588691
2025-07-01 02:15:00,9,storage_priority_neutral_tes,2148.6983392690313,18000.0,0.0,25.780361288064512,0.0418,0,2179.2830469153764,30.584707646345123,364.5896639113374,18364.589663911338,0.0,18940.0464,0.0,0.8495752123938007,0.8495752123938031,0.006796601699187805,7.731058675186642e-11,0,storage_priority_neutral,0.00027409999165683985,fixed,True,,0.0,0.0,0,0.0,,0.0,39319.12369588691
2025-07-01 02:30:00,10,storage_priority_neutral_tes,2137.445073984375,18000.0,0.0,25.522104768880208,0.0418,0,2168.0297816305524,30.58470764617732,363.1717524854496,18363.17175248545,0.0,18940.0464,0.0,0.8495752123938031,0.8495752123938031,0.0067966016991505155,-3.7289615839597445e-14,0,storage_priority_neutral,0.00027409999165683985,fixed,True,,0.0,0.0,0,0.0,,0.0,39319.12369588691
2025-07-01 02:45:00,11,storage_priority_neutral_tes,2126.2883923556133,18000.0,0.0,25.26161251692057,0.0418,0,2156.8731000017906,30.58470764617732,361.7660106002256,18361.766010600226,0.0,18940.0464,0.0,0.8495752123938031,0.8495752123938031,0.0067966016991505155,0.0,0,storage_priority_neutral,0.00027409999165683985,fixed,True,,0.0,0.0,0,0.0,,0.0,39319.12369588691
2025-07-01 03:00:00,12,storage_priority_neutral_tes,2115.2760690062846,18000.0,0.0,25.0,0.0418,0,2145.860776652462,30.58470764617732,360.3784578582102,18360.37845785821,0.0,18940.0464,0.0,0.8495752123938031,0.8495752123938031,0.0067966016991505155,0.0,0,storage_priority_neutral,0.00027409999165683985,fixed,True,,0.0,0.0,0,0.0,,0.0,39319.12369588691
2025-07-01 03:15:00,13,storage_priority_neutral_tes,2104.4552603956135,18000.0,0.0,24.73838748307943,0.0418,0,2135.039968041791,30.58470764617732,359.01503597326564,18359.015035973265,0.0,18940.0464,0.0,0.8495752123938031,0.8495752123938031,0.0067966016991505155,0.0,0,storage_priority_neutral,0.00027409999165683985,fixed,True,,0.0,0.0,0,0.0,,0.0,39319.12369588691
2025-07-01 03:30:00,14,storage_priority_neutral_tes,2093.8723028873123,18000.0,0.0,24.477895231119792,0.0418,0,2124.4570105334897,30.58470764617732,357.6815833272197,18357.68158332722,0.0,18940.0464,0.0,0.8495752123938031,0.8495752123938031,0.0067966016991505155,0.0,0,storage_priority_neutral,0.00027409999165683985,fixed,True,,0.0,0.0,0,0.0,,0.0,39319.12369588691
2025-07-01 03:45:00,15,storage_priority_neutral_tes,2083.5725143301565,18000.0,0.0,24.219638711935488,0.0418,0,2114.157221976334,30.58470764617732,356.38380996901805,18356.38380996902,0.0,18940.0464,0.0,0.8495752123938031,0.8495752123938031,0.0067966016991505155,0.0,0,storage_priority_neutral,0.00027409999165683985,fixed,True,,0.0,0.0,0,0.0,,0.0,39319.12369588691
2025-07-01 04:00:00,16,storage_priority_neutral_tes,2073.6,18000.0,0.0,23.964723819589917,0.0418,0,2104.1847076461772,30.58470764617732,355.12727316341835,18355.12727316342,0.0,18940.0464,0.0,0.8495752123938031,0.8495752123938031,0.0067966016991505155,0.0,0,storage_priority_neutral,0.00027409999165683985,fixed,True,,0.0,0.0,0,0.0,,0.0,39319.12369588691
2025-07-01 04:15:00,17,storage_priority_neutral_tes,2063.997463734213,18000.0,0.0,23.714242138787352,0.0418,0,2094.5821713803903,30.58470764617732,353.9173535939292,18353.91735359393,0.0,18940.0464,0.0,0.8495752123938031,0.8495752123938031,0.0067966016991505155,0.0,0,storage_priority_neutral,0.00027409999165683985,fixed,True,,0.0,0.0,0,0.0,,0.0,39319.12369588691
2025-07-01 04:30:00,18,storage_priority_neutral_tes,2054.806025067293,18000.0,0.0,23.46926627053964,0.0418,0,2085.3907327134702,30.58470764617732,352.75923232189723,18352.759232321896,0.0,18940.0464,0.0,0.8495752123938031,0.8495752123938031,0.0067966016991505155,0.0,0,storage_priority_neutral,0.00027409999165683985,fixed,True,,0.0,0.0,0,0.0,,0.0,39319.12369588691
2025-07-01 04:45:00,19,storage_priority_neutral_tes,2046.065043150708,18000.0,0.0,23.230845239123994,0.0418,0,2076.6497507968857,30.58470764617755,351.6578686004076,18351.657868600407,0.0,18940.0464,0.0,0.8495752123938031,0.8495752123938031,0.006796601699150567,5.117434254131581e-17,0,storage_priority_neutral,0.00027409999165683985,fixed,True,,0.0,0.0,0,0.0,,0.0,39319.12369588691
2025-07-01 05:00:00,20,storage_priority_neutral_tes,2037.8119482109646,18000.0,40.8,23.0,0.0418,0,2068.396655857142,30.58470764617732,350.6179786379999,18309.817978638002,0.0,18940.0464,0.0,0.8495752123938031,0.8495752123938031,0.0067966016991505155,-5.117434254131581e-17,0,storage_priority_neutral,0.00027409999165683985,fixed,True,,0.0,0.0,0,0.0,,0.0,39319.12369588691
2025-07-01 05:15:00,21,storage_priority_neutral_tes,2030.082081267633,18000.0,40.8,22.77771906792159,0.0418,0,2060.6667889138103,30.58470764617732,349.6440154031401,18308.84401540314,0.0,18940.0464,0.0,0.8495752123938031,0.8495752123938031,0.0067966016991505155,0.0,0,storage_priority_neutral,0.00027409999165683985,fixed,True,,0.0,0.0,0,0.0,,0.0,39319.12369588691
2025-07-01 05:30:00,22,storage_priority_neutral_tes,2022.9085427976745,18000.0,40.8,22.564954283965115,0.0418,0,2053.493250443852,30.58470764617755,348.74014955592537,18307.940149555925,0.0,18940.0464,0.0,0.8495752123938031,0.8495752123938031,0.006796601699150567,5.117434254131581e-17,0,storage_priority_neutral,0.00027409999165683985,fixed,True,,0.0,0.0,0,0.0,,0.0,39319.12369588691
2025-07-01 05:45:00,23,storage_priority_neutral_tes,2016.3220509941202,18000.0,40.8,22.362616739599723,0.0418,0,2046.9067586402975,30.58470764617732,347.9102515886775,18307.110251588678,0.0,18940.0464,0.0,0.8495752123938031,0.8495752123938031,0.0067966016991505155,-5.117434254131581e-17,0,storage_priority_neutral,0.00027409999165683985,fixed,True,,0.0,0.0,0,0.0,,0.0,39319.12369588691
2025-07-01 06:00:00,24,storage_priority_neutral_tes,2010.350810226049,18000.0,247.38,22.17157287525381,0.0418,0,2040.9355178722262,30.58470764617732,347.1578752519005,18099.7778752519,0.0,18940.0464,0.0,0.8495752123938031,0.8495752123938031,0.0067966016991505155,0.0,0,storage_priority_neutral,0.00027409999165683985,fixed,True,,0.0,0.0,0,0.0,,0.0,39319.12369588691
2025-07-01 06:15:00,25,storage_priority_neutral_tes,2005.0203902631515,18000.0,247.38,21.99264077008409,0.0418,0,2035.6050979093288,30.58470764617732,346.48624233657546,18099.106242336573,0.0,18940.0464,0.0,0.8495752123938031,0.8495752123938031,0.0067966016991505155,0.0,0,storage_priority_neutral,0.00027409999165683985,fixed,True,,0.0,0.0,0,0.0,,0.0,39319.12369588691
2025-07-01 06:30:00,26,storage_priority_neutral_tes,2000.3536167820496,18000.0,247.38,21.82658663883506,0.0418,0,2030.938324428227,30.58470764617732,345.8982288779566,18098.518228877954,0.0,18940.0464,0.0,0.8495752123938031,0.8495752123938031,0.0067966016991505155,0.0,0,storage_priority_neutral,0.00027409999165683985,fixed,True,,0.0,0.0,0,0.0,,0.0,39319.12369588691
2025-07-01 06:45:00,27,storage_priority_neutral_tes,1996.3704736232457,18000.0,247.38,21.67412155078982,0.0418,0,2026.955181269423,30.58470764617732,345.3963528399473,18098.016352839946,0.0,18940.0464,0.0,0.8495752123938031,0.8495752123938031,0.0067966016991505155,0.0,0,storage_priority_neutral,0.00027409999165683985,fixed,True,,0.0,0.0,0,0.0,,0.0,39319.12369588691
2025-07-01 07:00:00,28,storage_priority_neutral_tes,1993.088017217249,18000.0,761.76,21.535898384862247,0.0418,0,2054.2581525076107,61.17013529036171,348.83652721595894,17587.07652721596,0.0,18940.0464,0.0,0.8495752123938031,0.8500000099999723,0.013593363397858159,0.006796761698707643,0,storage_priority_neutral,0.00027409999165683985,fixed,True,,0.0,0.0,0,0.0,,0.0,39319.12369588691
2025-07-01 07:15:00,29,storage_priority_neutral_tes,1990.5203035463219,18000.0,761.76,21.412509033869245,0.0418,0,2021.1203039065185,30.600000360196645,344.66115829222133,17582.90115829222,0.0,18940.0464,0.0,0.8500000099999723,0.8500000099999752,0.006800000080043699,-0.00679336331781446,0,storage_priority_neutral,0.00027409999165683985,fixed,True,,0.0,0.0,0,0.0,,0.0,39319.12369588691
2025-07-01 07:30:00,30,storage_priority_neutral_tes,1988.6783279546055,18000.0,761.76,21.304481869954852,0.0418,0,2019.2783283148021,30.600000360196645,344.4290693676651,17582.66906936767,0.0,18940.0464,0.0,0.8500000099999752,0.850000009999978,0.006800000080043699,0.0,0,storage_priority_neutral,0.00027409999165683985,fixed,True,,0.0,0.0,0,0.0,,0.0,39319.12369588691
2025-07-01 07:45:00,31,storage_priority_neutral_tes,1987.5699780643693,18000.0,761.76,21.21227948201958,0.0418,0,2018.169978424566,30.600000360196645,344.2894172814953,17582.529417281497,0.0,18940.0464,0.0,0.850000009999978,0.8500000099999809,0.006800000080043699,0.0,0,storage_priority_neutral,0.00027409999165683985,fixed,True,,0.0,0.0,0,0.0,,0.0,39319.12369588691
2025-07-01 08:00:00,32,storage_priority_neutral_tes,1987.2,18000.0,1310.64,21.136296694843725,0.1506,0,0.0,-1987.2,0.0,16689.36,0.0,18940.0464,0.0,0.8500000099999809,0.8219750099949811,-0.4416,-0.4484000000800437,-1,storage_priority_neutral,0.00027409999165683985,fixed,True,,0.0,0.0,0,0.0,,0.0,39319.12369588691
2025-07-01 08:15:00,33,storage_priority_neutral_tes,1987.5699780643693,18000.0,1310.64,21.07685887838708,0.1506,0,0.0,-1987.5699780643693,0.0,16689.36,0.0,18940.0464,0.0,0.8219750099949811,0.7939588839057563,-0.44168221734763763,-8.221734763763644e-05,-1,storage_priority_neutral,0.00027409999165683985,fixed,True,,0.0,0.0,0,0.0,,0.0,39319.12369588691
2025-07-01 08:30:00,34,storage_priority_neutral_tes,1988.6783279546055,18000.0,1310.64,21.03422055450476,0.1506,0,0.0,-1988.6783279546055,0.0,16689.36,0.0,18940.0464,0.0,0.7939588839057563,0.7659413721311006,-0.4419285173232457,-0.0002462999756080442,-1,storage_priority_neutral,0.00027409999165683985,fixed,True,,0.0,0.0,0,0.0,,0.0,39319.12369588691
2025-07-01 08:45:00,35,storage_priority_neutral_tes,1990.5203035463219,18000.0,1310.64,21.008564307045585,0.1506,0,0.0,-1990.5203035463219,0.0,16689.36,0.0,18940.0464,0.0,0.7659413721311006,0.7379122861180029,-0.44233784523251596,-0.00040932790927028506,-1,storage_priority_neutral,0.00027409999165683985,fixed,True,,0.0,0.0,0,0.0,,0.0,39319.12369588691
2025-07-01 09:00:00,36,storage_priority_neutral_tes,1993.088017217249,18000.0,2125.5,21.0,0.1506,0,0.0,-1993.088017217249,0.0,15874.5,0.0,18940.0464,0.0,0.7379122861180029,0.7098615519580377,-0.4429084482704998,-0.0005706030379838412,-1,storage_priority_neutral,0.00027409999165683985,fixed,True,,0.0,0.0,0,0.0,,0.0,39319.12369588691
2025-07-01 09:15:00,37,storage_priority_neutral_tes,1996.370473623246,18000.0,2125.5,21.008564307045585,0.1506,0,0.0,-1996.370473623246,0.0,15874.5,0.0,18940.0464,0.0,0.7098615519580377,0.6817792534928468,-0.443637883027388,-0.000729434756888192,-1,storage_priority_neutral,0.00027409999165683985,fixed,True,,0.0,0.0,0,0.0,,0.0,39319.12369588691
2025-07-01 09:30:00,38,storage_priority_neutral_tes,2000.3536167820496,18000.0,2125.5,21.03422055450476,0.1506,0,0.0,-2000.3536167820496,0.0,15874.5,0.0,18940.0464,0.0,0.6817792534928468,0.6536556747441276,-0.44452302595156656,-0.0008851429241785724,-1,storage_priority_neutral,0.00027409999165683985,fixed,True,,0.0,0.0,0,0.0,,0.0,39319.12369588691
2025-07-01 09:45:00,39,storage_priority_neutral_tes,2005.0203902631515,18000.0,2125.5,21.07685887838708,0.1506,0,0.0,-2005.0203902631515,0.0,15874.5,0.0,18940.0464,0.0,0.6536556747441276,0.625481341486434,-0.4455600867251448,-0.0010370607735782356,-1,storage_priority_neutral,0.00027409999165683985,fixed,True,,0.0,0.0,0,0.0,,0.0,39319.12369588691
2025-07-01 10:00:00,40,storage_priority_neutral_tes,2010.350810226049,18000.0,2317.68,21.136296694843725,0.1506,0,0.0,-2010.350810226049,0.0,15682.32,0.0,18940.0464,0.0,0.625481341486434,0.5972470617847735,-0.44674462449467756,-0.0011845377695327564,-1,storage_priority_neutral,0.00027409999165683985,fixed,True,,0.0,0.0,0,0.0,,0.0,39319.12369588691
2025-07-01 10:15:00,41,storage_priority_neutral_tes,2016.3220509941202,18000.0,2317.68,21.21227948201958,0.1506,0,0.0,-2016.3220509941202,0.0,15682.32,0.0,18940.0464,0.0,0.5972470617847735,0.5689439653234072,-0.44807156688758226,-0.0013269423929047064,-1,storage_priority_neutral,0.00027409999165683985,fixed,True,,0.0,0.0,0,0.0,,0.0,39319.12369588691
2025-07-01 10:30:00,42,storage_priority_neutral_tes,2022.9085427976745,18000.0,2317.68,21.304481869954852,0.1506,0,0.0,-2022.9085427976745,0.0,15682.32,0.0,18940.0464,0.0,0.5689439653234072,0.5405635413574444,-0.44953523173281656,-0.0014636648452343026,-1,storage_priority_neutral,0.00027409999165683985,fixed,True,,0.0,0.0,0,0.0,,0.0,39319.12369588691
2025-07-01 10:45:00,43,storage_priority_neutral_tes,2030.082081267633,18000.0,2317.68,21.412509033869245,0.1506,0,0.0,-2030.082081267633,0.0,15682.32,0.0,18940.0464,0.0,0.5405635413574444,0.5120976751247153,-0.4511293513928073,-0.0015941196599907337,-1,storage_priority_neutral,0.00027409999165683985,fixed,True,,0.0,0.0,0,0.0,,0.0,39319.12369588691
2025-07-01 11:00:00,44,storage_priority_neutral_tes,2037.8119482109646,18000.0,2813.16,21.535898384862247,0.09828,1,2037.8119482109646,0.0,346.76430547458153,15533.604305474582,0.0,18940.0464,0.0,0.5120976751247153,0.5118416262871529,0.0,0.4511293513928073,0,storage_priority_neutral,0.00027409999165683985,fixed,True,,0.0,0.0,0,0.0,,0.0,39319.12369588691
2025-07-01 11:15:00,45,storage_priority_neutral_tes,2046.065043150708,18000.0,2813.16,21.67412155078982,0.09828,1,2046.065043150708,0.0,347.80419543698923,15534.644195436991,0.0,18940.0464,0.0,0.5118416262871529,0.5115857054740094,0.0,0.0,0,storage_priority_neutral,0.00027409999165683985,fixed,True,,0.0,0.0,0,0.0,,0.0,39319.12369588691
2025-07-01 11:30:00,46,storage_priority_neutral_tes,2054.806025067293,18000.0,2813.16,21.82658663883506,0.09828,1,2054.806025067293,0.0,348.9055591584789,15535.74555915848,0.0,18940.0464,0.0,0.5115857054740094,0.5113299126212724,0.0,0.0,0,storage_priority_neutral,0.00027409999165683985,fixed,True,,0.0,0.0,0,0.0,,0.0,39319.12369588691
2025-07-01 11:45:00,47,storage_priority_neutral_tes,2063.997463734213,18000.0,2813.16,21.99264077008409,0.09828,1,2063.997463734213,0.0,350.06368043051083,15536.90368043051,0.0,18940.0464,0.0,0.5113299126212724,0.5110742476649618,0.0,0.0,0,storage_priority_neutral,0.00027409999165683985,fixed,True,,0.0,0.0,0,0.0,,0.0,39319.12369588691
2025-07-01 12:00:00,48,storage_priority_neutral_tes,2073.6,18000.0,3432.96,22.17157287525381,0.046439999999999995,1,6573.6,4500.0,918.2736000000001,15485.313600000001,0.0,18940.0464,0.0,0.5110742476649618,0.5733187105411294,1.0,1.0,0,storage_priority_neutral,0.00027409999165683985,fixed,True,,0.0,0.0,0,0.0,,0.0,39319.12369588691
2025-07-01 12:15:00,49,storage_priority_neutral_tes,2083.5725143301565,18000.0,3432.96,22.362616739599723,0.046439999999999995,1,6583.572514330157,4500.0,919.5301368055998,15486.5701368056,0.0,18940.0464,0.0,0.5733187105411294,0.6355320511858589,1.0,0.0,0,storage_priority_neutral,0.00027409999165683985,fixed,True,,0.0,0.0,0,0.0,,0.0,39319.12369588691
2025-07-01 12:30:00,50,storage_priority_neutral_tes,2093.8723028873123,18000.0,3432.96,22.56495428396512,0.046439999999999995,1,6593.872302887312,4500.0,920.8279101638013,15487.8679101638,0.0,18940.0464,0.0,0.6355320511858589,0.697714285160266,1.0,0.0,0,storage_priority_neutral,0.00027409999165683985,fixed,True,,0.0,0.0,0,0.0,,0.0,39319.12369588691
2025-07-01 12:45:00,51,storage_priority_neutral_tes,2104.4552603956135,18000.0,3432.96,22.77771906792159,0.046439999999999995,1,6604.455260395614,4500.0,922.1613628098473,15489.201362809847,0.0,18940.0464,0.0,0.697714285160266,0.759865428017686,1.0,0.0,0,storage_priority_neutral,0.00027409999165683985,fixed,True,,0.0,0.0,0,0.0,,0.0,39319.12369588691
2025-07-01 13:00:00,52,storage_priority_neutral_tes,2115.2760690062846,18000.0,2821.08,23.0,0.08499999999999999,0,6615.276069006284,4500.0,923.5247846947918,16102.444784694793,0.0,18940.0464,0.0,0.759865428017686,0.8219854953036771,1.0,0.0,0,storage_priority_neutral,0.00027409999165683985,fixed,True,,0.0,0.0,0,0.0,,0.0,39319.12369588691
2025-07-01 13:15:00,53,storage_priority_neutral_tes,2126.2883923556133,18000.0,2821.08,23.230845239123994,0.08499999999999999,0,4172.924928320812,2046.6365359651986,615.7885409684224,15794.708540968424,0.0,18940.0464,0.0,0.8219854953036771,0.8500000099999865,0.4548081191033775,-0.5451918808966225,0,storage_priority_neutral,0.00027409999165683985,fixed,True,,0.0,0.0,0,0.0,,0.0,39319.12369588691
2025-07-01 13:30:00,54,storage_priority_neutral_tes,2137.445073984375,18000.0,2821.08,23.46926627053964,0.08499999999999999,0,2168.0450743446436,30.600000360268496,363.1736793674251,15542.093679367425,0.0,18940.0464,0.0,0.8500000099999865,0.8500000099999904,0.006800000080059666,-0.44800811902331783,0,storage_priority_neutral,0.00027409999165683985,fixed,True,,0.0,0.0,0,0.0,,0.0,39319.12369588691
2025-07-01 13:45:00,55,storage_priority_neutral_tes,2148.6983392690313,18000.0,2821.08,23.714242138787355,0.08499999999999999,0,2179.298339629002,30.600000359970636,364.5915907932542,15543.511590793254,0.0,18940.0464,0.0,0.8500000099999904,0.85000000999999,0.006800000079993475,-6.619097631110904e-14,0,storage_priority_neutral,0.00027409999165683985,fixed,True,,0.0,0.0,0,0.0,,0.0,39319.12369588691
2025-07-01 14:00:00,56,storage_priority_neutral_tes,2160.0,18000.0,1777.74,23.964723819589917,0.08499999999999999,0,2190.600000360107,30.60000036010706,366.0156000453735,16588.27560004537,0.0,18940.0464,0.0,0.85000000999999,0.8500000099999916,0.006800000080023791,3.031602746617068e-14,0,storage_priority_neutral,0.00027409999165683985,fixed,True,,0.0,0.0,0,0.0,,0.0,39319.12369588691
2025-07-01 14:15:00,57,storage_priority_neutral_tes,2171.3016607309687,18000.0,1777.74,24.219638711935488,0.08499999999999999,0,2201.9016610915055,30.600000360536797,367.43960929752967,16589.699609297528,0.0,18940.0464,0.0,0.8500000099999916,0.8500000099999991,0.006800000080119288,9.549739471426122e-14,0,storage_priority_neutral,0.00027409999165683985,fixed,True,,0.0,0.0,0,0.0,,0.0,39319.12369588691
2025-07-01 14:30:00,58,storage_priority_neutral_tes,2182.554926015625,18000.0,1777.74,24.477895231119795,0.08499999999999999,0,2213.154926374959,30.60000035933399,368.8575207232448,16591.117520723245,0.0,18940.0464,0.0,0.8500000099999991,0.85000000999999,0.006800000079851998,-2.672905299871964e-13,0,storage_priority_neutral,0.00027409999165683985,fixed,True,,0.0,0.0,0,0.0,,0.0,39319.12369588691
2025-07-01 14:45:00,59,storage_priority_neutral_tes,2193.7116076443867,18000.0,1777.74,24.73838748307943,0.08499999999999999,0,2224.3116080043856,30.60000035999883,370.26326260855257,16592.523262608553,0.0,18940.0464,0.0,0.85000000999999,0.8500000099999901,0.00680000007999974,1.4774206164025472e-13,0,storage_priority_neutral,0.00027409999165683985,fixed,True,,0.0,0.0,0,0.0,,0.0,39319.12369588691
2025-07-01 15:00:00,60,storage_priority_neutral_tes,2204.7239309937154,18000.0,1420.5,25.0,0.08499999999999999,0,2235.3239313536137,30.60000035989833,371.6508153505553,16951.150815350557,0.0,18940.0464,0.0,0.8500000099999901,0.8500000099999888,0.006800000079977407,-2.2332830029725415e-14,0,storage_priority_neutral,0.00027409999165683985,fixed,True,,0.0,0.0,0,0.0,,0.0,39319.12369588691
2025-07-01 15:15:00,61,storage_priority_neutral_tes,2215.5447396043865,18000.0,1420.5,25.26161251692057,0.08499999999999999,0,2246.1447399645667,30.600000360180275,373.0142372355354,16952.514237235537,0.0,18940.0464,0.0,0.8500000099999888,0.8500000099999914,0.006800000080040061,6.265387514359233e-14,0,storage_priority_neutral,0.00027409999165683985,fixed,True,,0.0,0.0,0,0.0,,0.0,39319.12369588691
2025-07-01 15:30:00,62,storage_priority_neutral_tes,2226.127697112687,18000.0,1420.5,25.522104768880205,0.08499999999999999,0,2256.7276974727647,30.6000003600775,374.34768988156833,16953.847689881568,0.0,18940.0464,0.0,0.8500000099999914,0.8500000099999926,0.0068000000800172225,-2.2838501922972654e-14,0,storage_priority_neutral,0.00027409999165683985,fixed,True,,0.0,0.0,0,0.0,,0.0,39319.12369588691
2025-07-01 15:45:00,63,storage_priority_neutral_tes,2236.4274856698435,18000.0,1420.5,25.780361288064512,0.08499999999999999,0,2267.027486030325,30.600000360481317,375.6454632398209,16955.14546323982,0.0,18940.0464,0.0,0.8500000099999926,0.8500000099999994,0.00680000008010696,8.973724541228023e-14,0,storage_priority_neutral,0.00027409999165683985,fixed,True,,0.0,0.0,0,0.0,,0.0,39319.12369588691
2025-07-01 16:00:00,64,storage_priority_neutral_tes,2246.4,18000.0,834.66,26.035276180410083,0.09828,1,2246.4,0.0,373.0464,17538.3864,0.0,18940.0464,0.0,0.8500000099999994,0.8495750099949995,0.0,-0.00680000008010696,0,storage_priority_neutral,0.00027409999165683985,fixed,True,,0.0,0.0,0,0.0,,0.0,39319.12369588691
2025-07-01 16:15:00,65,storage_priority_neutral_tes,2256.0025362657875,18000.0,834.66,26.285757861212645,0.09828,1,2256.0025362657875,0.0,374.2563195694892,17539.59631956949,0.0,18940.0464,0.0,0.8495750099949995,0.849150222490002,0.0,0.0,0,storage_priority_neutral,0.00027409999165683985,fixed,True,,0.0,0.0,0,0.0,,0.0,39319.12369588691
2025-07-01 16:30:00,66,storage_priority_neutral_tes,2265.1939749327066,18000.0,834.66,26.53073372946036,0.09828,1,2265.1939749327066,0.0,375.414440841521,17540.75444084152,0.0,18940.0464,0.0,0.849150222490002,0.8487256473787571,0.0,0.0,0,storage_priority_neutral,0.00027409999165683985,fixed,True,,0.0,0.0,0,0.0,,0.0,39319.12369588691
2025-07-01 16:45:00,67,storage_priority_neutral_tes,2273.9349568492917,18000.0,834.66,26.769154760876006,0.09828,1,2273.9349568492917,0.0,376.51580456301076,17541.855804563012,0.0,18940.0464,0.0,0.8487256473787571,0.8483012845550678,0.0,0.0,0,storage_priority_neutral,0.00027409999165683985,fixed,True,,0.0,0.0,0,0.0,,0.0,39319.12369588691
2025-07-01 17:00:00,68,storage_priority_neutral_tes,2282.1880517890354,18000.0,358.26,27.0,0.1506,0,0.0,-2282.1880517890354,0.0,17641.74,0.0,18940.0464,0.0,0.8483012845550678,0.8161800776379425,-0.5071529003975634,-0.5071529003975634,-1,storage_priority_neutral,0.00027409999165683985,fixed,True,,0.0,0.0,0,0.0,,0.0,39319.12369588691
2025-07-01 17:15:00,69,storage_priority_neutral_tes,2289.917918732367,18000.0,358.26,27.22228093207841,0.1506,0,0.0,-2289.917918732367,0.0,17641.74,0.0,18940.0464,0.0,0.8161800776379425,0.7839675720611741,-0.5088706486071927,-0.0017177482096292218,-1,storage_priority_neutral,0.00027409999165683985,fixed,True,,0.0,0.0,0,0.0,,0.0,39319.12369588691
2025-07-01 17:30:00,70,storage_priority_neutral_tes,2297.0914572023257,18000.0,358.26,27.43504571603488,0.1506,0,0.0,-2297.0914572023257,0.0,17641.74,0.0,18940.0464,0.0,0.7839675720611741,0.7516715402584445,-0.5104647682671835,-0.0015941196599907892,-1,storage_priority_neutral,0.00027409999165683985,fixed,True,,0.0,0.0,0,0.0,,0.0,39319.12369588691
2025-07-01 17:45:00,71,storage_priority_neutral_tes,2303.67794900588,18000.0,358.26,27.637383260400277,0.1506,0,0.0,-2303.67794900588,0.0,17641.74,0.0,18940.0464,0.0,0.7516715402584445,0.7193001774187892,-0.5119284331124178,-0.0014636648452343026,-1,storage_priority_neutral,0.00027409999165683985,fixed,True,,0.0,0.0,0,0.0,,0.0,39319.12369588691
2025-07-01 18:00:00,72,storage_priority_neutral_tes,2309.6491897739506,18000.0,81.48,27.82842712474619,0.1506,0,0.0,-2309.6491897739506,0.0,17918.52,0.0,18940.0464,0.0,0.7193001774187892,0.6868620663609972,-0.5132553755053224,-0.0013269423929046509,-1,storage_priority_neutral,0.00027409999165683985,fixed,True,,0.0,0.0,0,0.0,,0.0,39319.12369588691
2025-07-01 18:15:00,73,storage_priority_neutral_tes,2314.979609736849,18000.0,81.48,28.00735922991591,0.1506,0,0.0,-2314.979609736849,0.0,17918.52,0.0,18940.0464,0.0,0.6868620663609972,0.6543661407481383,-0.5144399132748553,-0.0011845377695328674,-1,storage_priority_neutral,0.00027409999165683985,fixed,True,,0.0,0.0,0,0.0,,0.0,39319.12369588691
2025-07-01 18:30:00,74,storage_priority_neutral_tes,2319.6463832179506,18000.0,81.48,28.17341336116494,0.1506,0,0.0,-2319.6463832179506,0.0,17918.52,0.0,18940.0464,0.0,0.6543661407481383,0.6218216467997371,-0.5154769740484335,-0.0010370607735782356,-1,storage_priority_neutral,0.00027409999165683985,fixed,True,,0.0,0.0,0,0.0,,0.0,39319.12369588691
2025-07-01 18:45:00,75,storage_priority_neutral_tes,2323.6295263767543,18000.0,81.48,28.32587844921018,0.1506,0,0.0,-2323.6295263767543,0.0,17918.52,0.0,18940.0464,0.0,0.6218216467997371,0.589238103665549,-0.516362116972612,-0.0008851429241785169,-1,storage_priority_neutral,0.00027409999165683985,fixed,True,,0.0,0.0,0,0.0,,0.0,39319.12369588691
2025-07-01 19:00:00,76,storage_priority_neutral_tes,2326.9119827827512,18000.0,0.0,28.464101615137753,0.17860000000000004,0,0.0,-2326.9119827827512,0.0,18000.0,0.0,18940.0464,0.0,0.589238103665549,0.5566252626306225,-0.5170915517295003,-0.0007294347568882475,-1,storage_priority_neutral,0.00027409999165683985,fixed,True,,0.0,0.0,0,0.0,,0.0,39319.12369588691
2025-07-01 19:15:00,77,storage_priority_neutral_tes,2329.479696453678,18000.0,0.0,28.587490966130755,0.17860000000000004,0,0.0,-2329.479696453678,0.0,18000.0,0.0,18940.0464,0.0,0.5566252626306225,0.5239930653263395,-0.517662154767484,-0.0005706030379837301,-1,storage_priority_neutral,0.00027409999165683985,fixed,True,,0.0,0.0,0,0.0,,0.0,39319.12369588691
2025-07-01 19:30:00,78,storage_priority_neutral_tes,2331.3216720453947,18000.0,0.0,28.695518130045148,0.17860000000000004,0,0.0,-2331.3216720453947,0.0,18000.0,0.0,18940.0464,0.0,0.5239930653263395,0.4913516011263792,-0.5180714826767544,-0.0004093279092703961,-1,storage_priority_neutral,0.00027409999165683985,fixed,True,,0.0,0.0,0,0.0,,0.0,39319.12369588691
2025-07-01 19:45:00,79,storage_priority_neutral_tes,2332.4300219356305,18000.0,0.0,28.78772051798042,0.17860000000000004,0,2301.7673348411445,-30.662687094486046,380.0226841899842,18380.022684189986,0.0,18940.0464,0.0,0.4913516011263792,0.49068005467172593,-0.006813930465441344,0.5112575522113131,0,storage_priority_neutral,0.00027409999165683985,fixed,True,,0.0,0.0,0,0.0,,0.0,39319.12369588691
2025-07-01 20:00:00,80,storage_priority_neutral_tes,2332.8,18000.0,0.0,28.863703305156275,0.17860000000000004,0,2338.1999999999994,5.3999999999991815,384.61319999999995,18384.6132,0.0,18940.0464,0.0,0.49068005467172593,0.4905097146443901,0.0011999999999998182,0.008013930465441162,0,storage_priority_neutral,0.00027409999165683985,fixed,True,,0.0,0.0,0,0.0,,0.0,39319.12369588691
2025-07-01 20:15:00,81,storage_priority_neutral_tes,2332.4300219356305,18000.0,0.0,28.92314112161292,0.17860000000000004,0,2337.8300219356297,5.3999999999991815,384.56658276388936,18384.566582763888,0.0,18940.0464,0.0,0.4905097146443901,0.4903394597870679,0.0011999999999998182,0.0,0,storage_priority_neutral,0.00027409999165683985,fixed,True,,0.0,0.0,0,0.0,,0.0,39319.12369588691
2025-07-01 20:30:00,82,storage_priority_neutral_tes,2331.3216720453947,18000.0,0.0,28.96577944549524,0.17860000000000004,0,2336.721672045394,5.3999999999991815,384.4269306777196,18384.42693067772,0.0,18940.0464,0.0,0.4903394597870679,0.49016929005717436,0.0011999999999998182,0.0,0,storage_priority_neutral,0.00027409999165683985,fixed,True,,0.0,0.0,0,0.0,,0.0,39319.12369588691
2025-07-01 20:45:00,83,storage_priority_neutral_tes,2329.479696453678,18000.0,0.0,28.991435692954415,0.17860000000000004,0,2334.8796964536773,5.3999999999991815,384.19484175316336,18384.194841753164,0.0,18940.0464,0.0,0.49016929005717436,0.4899992054121458,0.0011999999999998182,0.0,0,storage_priority_neutral,0.00027409999165683985,fixed,True,,0.0,0.0,0,0.0,,0.0,39319.12369588691
2025-07-01 21:00:00,84,storage_priority_neutral_tes,2326.9119827827512,18000.0,0.0,29.0,0.1506,0,2332.3119827827504,5.3999999999991815,383.87130983062656,18383.871309830625,0.0,18940.0464,0.0,0.4899992054121458,0.4898292058094398,0.0011999999999998182,0.0,0,storage_priority_neutral,0.00027409999165683985,fixed,True,,0.0,0.0,0,0.0,,0.0,39319.12369588691
2025-07-01 21:15:00,85,storage_priority_neutral_tes,2323.6295263767543,18000.0,0.0,28.991435692954415,0.1506,0,2329.0295263767534,5.3999999999991815,383.45772032347094,18383.45772032347,0.0,18940.0464,0.0,0.4898292058094398,0.48965929120653506,0.0011999999999998182,0.0,0,storage_priority_neutral,0.00027409999165683985,fixed,True,,0.0,0.0,0,0.0,,0.0,39319.12369588691
2025-07-01 21:30:00,86,storage_priority_neutral_tes,2319.6463832179506,18000.0,0.0,28.96577944549524,0.1506,0,2325.04638321795,5.3999999999991815,382.9558442854617,18382.95584428546,0.0,18940.0464,0.0,0.48965929120653506,0.4894894615609318,0.0011999999999998182,0.0,0,storage_priority_neutral,0.00027409999165683985,fixed,True,,0.0,0.0,0,0.0,,0.0,39319.12369588691
2025-07-01 21:45:00,87,storage_priority_neutral_tes,2314.979609736849,18000.0,0.0,28.92314112161292,0.1506,0,2320.379609736848,5.3999999999991815,382.36783082684286,18382.367830826843,0.0,18940.0464,0.0,0.4894894615609318,0.48931971683015135,0.0011999999999998182,0.0,0,storage_priority_neutral,0.00027409999165683985,fixed,True,,0.0,0.0,0,0.0,,0.0,39319.12369588691
2025-07-01 22:00:00,88,storage_priority_neutral_tes,2309.6491897739506,18000.0,0.0,28.863703305156275,0.08499999999999999,0,3184.621752740043,874.9725629660925,491.26234084524543,18491.262340845245,0.0,18940.0464,0.0,0.48931971683015135,0.5012274536795988,0.19443834732579832,0.1932383473257985,0,storage_priority_neutral,0.00027409999165683985,fixed,True,,0.0,0.0,0,0.0,,0.0,39319.12369588691
2025-07-01 22:15:00,89,storage_priority_neutral_tes,2303.67794900588,18000.0,0.0,28.78772051798042,0.08499999999999999,0,2309.077949005879,5.3999999999991815,380.94382157474075,18380.94382157474,0.0,18940.0464,0.0,0.5012274536795988,0.5010518399527589,0.0011999999999998182,-0.1932383473257985,0,storage_priority_neutral,0.00027409999165683985,fixed,True,,0.0,0.0,0,0.0,,0.0,39319.12369588691
2025-07-01 22:30:00,90,storage_priority_neutral_tes,2297.0914572023257,18000.0,0.0,28.695518130045148,0.08499999999999999,0,2302.491457202325,5.3999999999991815,380.11392360749295,18380.113923607492,0.0,18940.0464,0.0,0.5010518399527589,0.5008763140327825,0.0011999999999998182,0.0,0,storage_priority_neutral,0.00027409999165683985,fixed,True,,0.0,0.0,0,0.0,,0.0,39319.12369588691
2025-07-01 22:45:00,91,storage_priority_neutral_tes,2289.917918732367,18000.0,0.0,28.587490966130755,0.08499999999999999,0,2295.3179187323663,5.3999999999991815,379.2100577602782,18379.21005776028,0.0,18940.0464,0.0,0.5008763140327825,0.5007008758757662,0.0011999999999998182,0.0,0,storage_priority_neutral,0.00027409999165683985,fixed,True,,0.0,0.0,0,0.0,,0.0,39319.12369588691
2025-07-01 23:00:00,92,storage_priority_neutral_tes,2282.1880517890354,18000.0,0.0,28.464101615137753,0.08499999999999999,0,2287.5880517890346,5.3999999999991815,378.23609452541837,18378.23609452542,0.0,18940.0464,0.0,0.5007008758757662,0.5005255254378282,0.0011999999999998182,0.0,0,storage_priority_neutral,0.00027409999165683985,fixed,True,,0.0,0.0,0,0.0,,0.0,39319.12369588691
2025-07-01 23:15:00,93,storage_priority_neutral_tes,2273.9349568492917,18000.0,0.0,28.32587844921018,0.08499999999999999,0,2279.334956849291,5.3999999999991815,377.19620456301067,18377.19620456301,0.0,18940.0464,0.0,0.5005255254378282,0.5003502626751093,0.0011999999999998182,0.0,0,storage_priority_neutral,0.00027409999165683985,fixed,True,,0.0,0.0,0,0.0,,0.0,39319.12369588691
2025-07-01 23:30:00,94,storage_priority_neutral_tes,2265.1939749327066,18000.0,0.0,28.17341336116494,0.08499999999999999,0,2270.593974932706,5.3999999999991815,376.0948408415209,18376.09484084152,0.0,18940.0464,0.0,0.5003502626751093,0.5001750875437717,0.0011999999999998182,0.0,0,storage_priority_neutral,0.00027409999165683985,fixed,True,,0.0,0.0,0,0.0,,0.0,39319.12369588691
2025-07-01 23:45:00,95,storage_priority_neutral_tes,2256.0025362657875,18000.0,0.0,28.00735922991591,0.08499999999999999,0,2261.4025362657867,5.3999999999991815,374.9367195694891,18374.93671956949,0.0,18940.0464,0.0,0.5001750875437717,0.49999999999999983,0.0011999999999998182,0.0,0,storage_priority_neutral,0.00027409999165683985,fixed,True,,0.0,0.0,0,0.0,,0.0,39319.12369588691
