timestamp,step,scenario_id,controller_type,outdoor_temp_c,wet_bulb_c,it_load_kw,pv_actual_kw,pv_forecast_kw,price_currency_per_mwh,demand_charge_rate,demand_charge_basis,peak_cap_kw,base_facility_kw,base_cooling_kw_th,q_chiller_kw_th,q_load_kw_th,q_ch_tes_kw_th,q_dis_tes_kw_th,u_ch,u_dis,u_signed,du_ch,du_dis,signed_du,du_signed_max,mode_index,selected_mode_q_min_kw_th,selected_mode_q_max_kw_th,mode_specific_plr,instant_chiller_cop,plant_power_kw,cold_station_power_kw,grid_import_kw,pv_spill_kw,episode_peak_grid_so_far_kw,predicted_peak_grid_kw,peak_slack_kw,room_temp_c,predicted_room_temp_c,soc,predicted_soc,facility_power_kw,pue,fallback_used,z_mode_0,z_mode_1,z_mode_2
2025-07-01 00:00:00,0,pv_priority_pv_scale-1_w_spill-0p02,mpc,33.242640687119284,29.242640687119284,18000.0,0.0,0.0,29.0,0.0,per_day_proxy,,21833.470129472586,2160.0,22000.0,21550.0,450.0,0.0,0.10000000000000003,0.0,0.10000000000000003,0.10000000000000003,0.0,0.10000000000000003,0.1,2,14000.0,22000.0,1.0,7.119741100323624,3090.0,3090.0,3090.0,0.0,3090.0,3090.0,0.0,24.0,24.045014853865048,0.5,0.505625,21090.0,1.1716666666666666,False,0,0,1
2025-07-01 00:15:00,1,pv_priority_pv_scale-1_w_spill-0p02,mpc,32.95607489060041,28.956074890600412,18000.0,0.0,0.0,29.0,0.0,per_day_proxy,,21812.837392123227,2160.0,22000.0,21100.0,900.0000000000002,0.0,0.20000000000000004,0.0,0.20000000000000004,0.1,0.0,0.1,0.1,2,14000.0,22000.0,1.0,7.119741100323624,3090.0,3090.0,3090.0,0.0,3090.0,3090.0,0.0,24.045014853865048,24.09018956657168,0.505625,0.5171221875,21090.0,1.1716666666666666,False,0,0,1
2025-07-01 00:30:00,2,pv_priority_pv_scale-1_w_spill-0p02,mpc,32.652568574052324,28.652568574052324,18000.0,0.0,0.0,29.0,0.0,per_day_proxy,,21790.984937331767,2160.0,22000.0,20650.0,1350.0000000000002,0.0,0.30000000000000004,0.0,0.30000000000000004,0.1,0.0,0.1,0.1,2,14000.0,22000.0,1.0,7.119741100323624,3090.0,3090.0,3090.0,0.0,3090.0,3090.0,0.0,24.09018956657168,24.135427948488758,0.5171221875,0.5344886264062501,21090.0,1.1716666666666666,False,0,0,1
2025-07-01 00:45:00,3,pv_priority_pv_scale-1_w_spill-0p02,mpc,32.333421398117615,28.333421398117615,18000.0,0.0,0.0,29.0,0.0,per_day_proxy,,21768.006340664466,2160.0,22000.0,20200.0,1800.0,0.0,0.4,0.0,0.4,0.09999999999999998,0.0,0.09999999999999998,0.1,2,14000.0,22000.0,1.0,7.119741100323624,3090.0,3090.0,3090.0,0.0,3090.0,3090.0,0.0,24.135427948488758,24.18064166164292,0.5344886264062501,0.5577213820930469,21090.0,1.1716666666666666,False,0,0,1
2025-07-01 01:00:00,4,pv_priority_pv_scale-1_w_spill-0p02,mpc,32.0,28.0,18000.0,0.0,0.0,29.0,0.0,per_day_proxy,,21744.0,2160.0,22000.0,19750.0,2250.0,0.0,0.5,0.0,0.5,0.09999999999999998,0.0,0.09999999999999998,0.1,2,14000.0,22000.0,1.0,7.119741100323624,3090.0,3090.0,3090.0,0.0,3090.0,3090.0,0.0,24.18064166164292,24.225750552296176,0.5577213820930469,0.5868175214020004,21090.0,1.1716666666666666,False,0,0,1
2025-07-01 01:15:00,5,pv_priority_pv_scale-1_w_spill-0p02,mpc,31.65373214131401,27.65373214131401,18000.0,0.0,0.0,29.0,0.0,per_day_proxy,,21719.068714174606,2160.0,22000.0,19300.0,2700.0,0.0,0.6,0.0,0.6,0.09999999999999998,0.0,0.09999999999999998,0.1,2,14000.0,22000.0,1.0,7.119741100323624,3090.0,3090.0,3090.0,0.0,3090.0,3090.0000000000014,0.0,24.225750552296176,24.270682948734404,0.5868175214020004,0.6217741126412994,21090.0,1.1716666666666666,False,0,0,1
2025-07-01 01:30:00,6,pv_priority_pv_scale-1_w_spill-0p02,mpc,31.296100594190538,27.296100594190538,18000.0,0.0,0.0,29.0,0.0,per_day_proxy,,21693.31924278172,2160.0,22000.0,18850.0,3150.0,0.0,0.7,0.1,0.6,0.09999999999999998,0.1,0.0,0.1,2,14000.0,22000.0,1.0,7.119741100323624,3090.0,3090.0,3090.0,0.0,3090.0,3090.0,0.0,24.270682948734404,24.315375922990096,0.6217741126412994,0.6625882255849788,21090.0,1.1716666666666666,False,0,0,1
2025-07-01 01:45:00,7,pv_priority_pv_scale-1_w_spill-0p02,mpc,30.92863679181897,26.92863679181897,18000.0,0.0,0.0,29.0,0.0,per_day_proxy,,21666.861849010966,2160.0,22000.0,18400.0,3599.9999999999995,0.0,0.7999999999999999,0.19004426754804038,0.6099557324519596,0.09999999999999998,0.09004426754804037,0.009955732451959576,0.1,2,14000.0,22000.0,1.0,7.119741100323624,3090.0,3090.0,3090.0,0.0,3090.0,3090.0,0.0,24.315375922990096,24.359775515377258,0.6625882255849788,0.7092569314721864,21090.0,1.1716666666666666,False,0,0,1
2025-07-01 02:00:00,8,pv_priority_pv_scale-1_w_spill-0p02,mpc,30.552914270615126,26.552914270615126,18000.0,0.0,0.0,29.0,0.0,per_day_proxy,,21639.809827484285,2160.0,22000.0,18377.59960198309,3622.4003980169114,0.0,0.8049778662259803,0.19502213377401967,0.6099557324519607,0.0049778662259803985,0.004977866225979288,1.1102230246251565e-15,0.1,2,14000.0,22000.0,1.0,7.119741100323624,3090.0,3090.0,3090.0,0.0,3090.0,3090.0,0.0,24.359775515377258,24.401912722666548,0.7092569314721864,0.7561947526472267,21090.0,1.1716666666666666,False,0,0,1
2025-07-01 02:15:00,9,pv_priority_pv_scale-1_w_spill-0p02,mpc,30.170541932096768,26.170541932096768,18000.0,0.0,0.0,29.0,0.0,per_day_proxy,,21612.279019110967,2160.0,22000.0,18377.59960198309,3622.4003980169114,0.0,0.8049778662259803,0.19502213377401967,0.6099557324519607,0.0,0.0,0.0,0.1,2,14000.0,22000.0,1.0,7.119741100323624,3090.0,3090.0,3090.0,0.0,3090.0,3090.0000000000014,0.0,24.401912722666548,24.441662063760667,0.7561947526472267,0.8031091049116795,21090.0,1.1716666666666666,False,0,0,1
2025-07-01 02:30:00,10,pv_priority_pv_scale-1_w_spill-0p02,mpc,29.78315715332031,25.78315715332031,18000.0,0.0,0.0,29.0,0.0,per_day_proxy,,21584.38731503906,2160.0,22000.0,18377.59960198309,3622.4003980169114,0.0,0.8049778662259803,0.19502213377401967,0.6099557324519607,0.0,0.0,0.0,0.1,2,14000.0,22000.0,1.0,7.119741100323624,3090.0,3090.0,3090.0,0.0,3090.0,3090.0,0.0,24.441662063760667,24.479008775430515,0.8031091049116795,0.8500000000000001,21090.0,1.1716666666666666,False,0,0,1
2025-07-01 02:45:00,11,pv_priority_pv_scale-1_w_spill-0p02,mpc,29.392418775380857,25.392418775380857,18000.0,0.0,0.0,29.0,0.0,per_day_proxy,,21556.254151827423,2160.0,22000.0,21967.446808510645,32.553191489353864,0.0,0.7049778662259804,0.19502213377401967,0.5099557324519607,0.09999999999999998,0.0,0.09999999999999998,0.1,2,14000.0,22000.0,1.0,7.119741100323624,3090.0,3090.0,3090.0,0.0,3090.0,3090.0,0.0,24.479008775430515,24.49779319604194,0.8500000000000001,0.85,21090.0,1.1716666666666666,False,0,0,1
2025-07-01 03:00:00,12,pv_priority_pv_scale-1_w_spill-0p02,mpc,29.0,25.0,18000.0,0.0,0.0,29.0,0.0,per_day_proxy,,21528.0,2160.0,22000.0,21967.446808510645,32.553191489353864,0.0,0.6049778662259804,0.19502213377401967,0.4099557324519607,0.09999999999999998,0.0,0.09999999999999998,0.1,2,14000.0,22000.0,1.0,7.119741100323624,3090.0,3090.0,3090.0,0.0,3090.0,3090.0,0.0,24.49779319604194,24.514264598675908,0.85,0.85,21090.0,1.1716666666666666,False,0,0,1
2025-07-01 03:15:00,13,pv_priority_pv_scale-1_w_spill-0p02,mpc,28.607581224619143,24.607581224619143,18000.0,0.0,0.0,29.0,0.0,per_day_proxy,,21499.745848172577,2160.0,22000.0,21967.446808510645,32.553191489353864,0.0,0.5049778662259804,0.19502213377401967,0.30995573245196073,0.09999999999999998,0.0,0.09999999999999998,0.1,2,14000.0,22000.0,1.0,7.119741100323624,3090.0,3090.0,3090.0,0.0,3090.0,3090.0,0.0,24.514264598675908,24.528435994058544,0.85,0.85,21090.0,1.1716666666666666,False,0,0,1
2025-07-01 03:30:00,14,pv_priority_pv_scale-1_w_spill-0p02,mpc,28.21684284667969,24.21684284667969,18000.0,0.0,0.0,29.0,0.0,per_day_proxy,,21471.612684960935,2160.0,22000.0,21967.446808510645,32.553191489353864,0.0,0.4049778662259804,0.19502213377401967,0.20995573245196075,0.09999999999999998,0.0,0.09999999999999998,0.1,2,14000.0,22000.0,1.0,7.119741100323624,3090.0,3090.0,3090.0,0.0,3090.0,3090.00000000014,0.0,24.528435994058544,24.540329771966242,0.85,0.85,21090.0,1.1716666666666666,False,0,0,1
2025-07-01 03:45:00,15,pv_priority_pv_scale-1_w_spill-0p02,mpc,27.829458067903232,23.829458067903232,18000.0,0.0,0.0,29.0,0.0,per_day_proxy,,21443.720980889033,2160.0,22000.0,21967.446808510645,32.553191489353864,0.0,0.30497786622598044,0.19502213377401967,0.10995573245196077,0.09999999999999998,0.0,0.09999999999999998,0.1,2,14000.0,22000.0,1.0,7.119741100323624,3090.0,3090.0,3090.0,0.0,3090.0,3090.0,0.0,24.540329771966242,24.54997760799259,0.85,0.85,21090.0,1.1716666666666666,False,0,0,1
2025-07-01 04:00:00,16,pv_priority_pv_scale-1_w_spill-0p02,mpc,27.447085729384874,23.447085729384874,18000.0,0.0,0.0,29.0,0.0,per_day_proxy,,21416.19017251571,2160.0,22000.0,21967.446808510645,32.553191489353864,0.0,0.20497786622598044,0.19502213377401967,0.00995573245196077,0.1,0.0,0.1,0.1,2,14000.0,22000.0,1.0,7.119741100323624,3090.0,3090.0,3090.0,0.0,3090.0,3090.0,0.0,24.549977607992588,24.557420330537123,0.85,0.85,21090.0,1.1716666666666666,False,0,0,1
2025-07-01 04:15:00,17,pv_priority_pv_scale-1_w_spill-0p02,mpc,27.07136320818103,23.07136320818103,18000.0,0.0,0.0,29.0,0.0,per_day_proxy,,21389.13815098903,2160.0,22000.0,21967.446808510645,32.553191489353864,0.0,0.15174107185718466,0.19502213377401967,-0.043281061916835006,0.053236794368795776,0.0,0.053236794368795776,0.1,2,14000.0,22000.0,1.0,7.119741100323624,3090.0,3090.0,3090.0,0.0,3090.0,3090.0,0.0,24.557420330537123,24.562707748585574,0.85,0.85,21090.0,1.1716666666666666,False,0,0,1
2025-07-01 04:30:00,18,pv_priority_pv_scale-1_w_spill-0p02,mpc,26.70389940580946,22.70389940580946,18000.0,0.0,0.0,29.0,0.0,per_day_proxy,,21362.68075721828,2160.0,22000.0,21967.446808510645,32.553191489353864,0.0,0.08143443732573885,0.19502213377401967,-0.11358769644828082,0.07030663453144581,0.0,0.07030663453144581,0.1,2,14000.0,22000.0,1.0,7.119741100323624,3090.0,3090.0,3090.0,0.0,3090.0,3090.0,0.0,24.562707748585574,24.56589844101916,0.85,0.85,21090.0,1.1716666666666666,False,0,0,1
2025-07-01 04:45:00,19,pv_priority_pv_scale-1_w_spill-0p02,mpc,26.34626785868599,22.34626785868599,18000.0,0.0,0.0,29.0,0.0,per_day_proxy,,21336.931285825387,2160.0,22000.0,21967.446808510645,32.553191489353864,0.0,0.05555555555578273,0.19502213377401967,-0.13946657821823694,0.02587888176995612,0.0,0.02587888176995612,0.1,2,14000.0,22000.0,1.0,7.119741100323624,3090.0,3090.0,3090.0,0.0,3090.0,3090.0000000000005,0.0,24.56589844101916,24.567059508355243,0.85,0.85,21090.0,1.1716666666666666,False,0,0,1
2025-07-01 05:00:00,20,pv_priority_pv_scale-1_w_spill-0p02,mpc,26.0,22.0,18000.0,40.8,43.359074436219,29.0,0.0,per_day_proxy,,21312.0,2160.0,22000.0,21967.446808510645,32.553191489353864,0.0,0.0555555555554319,0.19502213377401967,-0.13946657821858777,3.5083047578154947e-13,0.0,3.5083047578154947e-13,0.1,2,14000.0,22000.0,1.0,7.119741100323624,3090.0,3090.0,3049.2,0.0,3090.0,3090.0,0.0,24.567059508355243,24.566266287982447,0.85,0.85,21090.0,1.1716666666666666,False,0,0,1
2025-07-01 05:15:00,21,pv_priority_pv_scale-1_w_spill-0p02,mpc,25.666578601882385,21.666578601882385,18000.0,40.8,38.33802704781178,29.0,0.0,per_day_proxy,,21287.99365933553,2160.0,22000.0,21967.446808510645,32.553191489353864,0.0,0.00723404255318974,0.19502213377401967,-0.18778809122082993,0.04832151300224216,0.0,0.04832151300224216,0.1,2,14000.0,22000.0,1.0,7.119741100323624,3090.0,3090.0,3049.2,0.0,3090.0,3090.0,0.0,24.566266287982447,24.563602034109838,0.85,0.85,21090.0,1.1716666666666666,False,0,0,1
2025-07-01 05:30:00,22,pv_priority_pv_scale-1_w_spill-0p02,mpc,25.347431425947676,21.347431425947676,18000.0,40.8,40.00058552246848,29.0,0.0,per_day_proxy,,21265.01506266823,2160.0,22000.0,21967.446808510645,32.553191489353864,0.0,0.00723404255319164,0.19502213377401967,-0.18778809122082804,1.8995222061946038e-15,0.0,1.887379141862766e-15,0.1,2,14000.0,22000.0,1.0,7.119741100323624,3090.0,3090.0,3049.2,0.0,3090.0,3090.0,0.0,24.563602034109838,24.55915756380063,0.85,0.85,21090.0,1.1716666666666666,False,0,0,1
2025-07-01 05:45:00,23,pv_priority_pv_scale-1_w_spill-0p02,mpc,25.043925109399588,21.043925109399588,18000.0,40.8,44.01226793206298,29.0,0.0,per_day_proxy,,21243.16260787677,2160.0,22000.0,21967.446808510645,32.553191489353864,0.0,0.007234042553189749,0.19502213377401967,-0.18778809122082993,1.8908485888147197e-15,0.0,1.887379141862766e-15,0.1,2,14000.0,22000.0,1.0,7.119741100323624,3090.0,3090.0,3049.2,0.0,3090.0,3090.0,0.0,24.55915756380063,24.553030870606324,0.85,0.85,21090.0,1.1716666666666666,False,0,0,1
2025-07-01 06:00:00,24,pv_priority_pv_scale-1_w_spill-0p02,mpc,24.757359312880716,20.757359312880716,18000.0,247.38,242.4905183614727,29.0,0.0,per_day_proxy,,21222.52987052741,2160.0,22000.0,21967.446808510645,32.553191489353864,0.0,0.00723404255318974,0.19502213377401967,-0.18778809122082993,8.673617379884035e-18,0.0,0.0,0.1,2,14000.0,22000.0,1.0,7.119741100323624,3090.0,3090.0,2842.62,0.0,3090.0,3090.0000000000005,0.0,24.553030870606324,24.54532670745582,0.85,0.85,21090.0,1.1716666666666666,False,0,0,1
2025-07-01 06:15:00,25,pv_priority_pv_scale-1_w_spill-0p02,mpc,24.488961155126134,20.488961155126134,18000.0,247.38,258.62521713613665,29.0,0.0,per_day_proxy,,21203.20520316908,2160.0,22000.0,21967.446808510645,32.553191489353864,0.0,0.00723404255318974,0.19502213377401967,-0.18778809122082993,0.0,0.0,0.0,0.1,2,14000.0,22000.0,1.0,7.119741100323624,3090.0,3090.0,2842.62,0.0,3090.0,3090.0,0.0,24.54532670745582,24.53615614058567,0.85,0.85,21090.0,1.1716666666666666,False,0,0,1
2025-07-01 06:30:00,26,pv_priority_pv_scale-1_w_spill-0p02,mpc,24.239879958252587,20.239879958252587,18000.0,247.38,252.30743812508805,29.0,0.0,per_day_proxy,,21185.271356994184,2160.0,22000.0,21967.446808510645,32.553191489353864,0.0,0.007234042553189749,0.19502213377401967,-0.18778809122082993,8.673617379884035e-18,0.0,0.0,0.1,2,14000.0,22000.0,1.0,7.119741100323624,3090.0,3090.0,2842.62,0.0,3090.0,3090.0000000000005,0.0,24.53615614058567,24.52563607642175,0.85,0.85,21090.0,1.1716666666666666,False,0,0,1
2025-07-01 06:45:00,27,pv_priority_pv_scale-1_w_spill-0p02,mpc,24.01118232618473,20.01118232618473,18000.0,247.38,246.8861718934829,29.0,0.0,per_day_proxy,,21168.8051274853,2160.0,22000.0,21967.446808510645,32.553191489353864,0.0,0.007234042553189749,0.19502213377401967,-0.18778809122082993,0.0,0.0,0.0,0.1,2,14000.0,22000.0,1.0,7.119741100323624,3090.0,3090.0,2842.62,0.0,3090.0,3090.0,0.0,24.52563607642175,24.51388876343837,0.85,0.85,21090.0,1.1716666666666666,False,0,0,1
2025-07-01 07:00:00,28,pv_priority_pv_scale-1_w_spill-0p02,mpc,23.803847577293368,19.803847577293368,18000.0,761.76,718.4090891018259,29.0,0.0,per_day_proxy,,21153.87702556512,2160.0,22000.0,21967.446808510645,32.553191489353864,0.0,0.007234042553189749,0.19502213377401967,-0.18778809122082993,0.0,0.0,0.0,0.1,2,14000.0,22000.0,1.0,7.119741100323624,3090.0,3090.0,2328.24,0.0,3090.0,3090.0,0.0,24.51388876343837,24.50104127112801,0.85,0.85,21090.0,1.1716666666666666,False,0,0,1
2025-07-01 07:15:00,29,pv_priority_pv_scale-1_w_spill-0p02,mpc,23.61876355080387,19.61876355080387,18000.0,761.76,719.4897143098391,29.0,0.0,per_day_proxy,,21140.550975657876,2160.0,22000.0,21967.446808510645,32.553191489353864,0.0,0.007234042553189749,0.19502213377401967,-0.18778809122082993,0.0,0.0,0.0,0.1,2,14000.0,22000.0,1.0,7.119741100323624,3090.0,3090.0,2328.24,0.0,3090.0,3090.0,0.0,24.50104127112801,24.48722494831289,0.85,0.85,21090.0,1.1716666666666666,False,0,0,1
2025-07-01 07:30:00,30,pv_priority_pv_scale-1_w_spill-0p02,mpc,23.45672280493228,19.45672280493228,18000.0,761.76,796.0355092776125,29.0,0.0,per_day_proxy,,21128.884041955123,2160.0,22000.0,21967.446808510645,32.553191489353864,0.0,0.007234042553189749,0.19502213377401967,-0.18778809122082993,0.0,0.0,0.0,0.1,2,14000.0,22000.0,1.0,7.119741100323624,3090.0,3090.0,2328.24,0.0,3090.0,3090.0,0.0,24.48722494831289,24.472574863118076,0.85,0.85,21090.0,1.1716666666666666,False,0,0,1
2025-07-01 07:45:00,31,pv_priority_pv_scale-1_w_spill-0p02,mpc,23.318419223029366,19.318419223029366,18000.0,761.76,816.82552905493,29.0,0.0,per_day_proxy,,21118.926184058113,2160.0,22000.0,21967.446808510645,32.553191489353864,0.0,0.007234042553189749,0.19502213377401967,-0.18778809122082993,0.0,0.0,0.0,0.1,2,14000.0,22000.0,1.0,7.119741100323624,3090.0,3090.0,2328.24,0.0,3090.0,3090.0000000000005,0.0,24.472574863118076,24.457229227004284,0.85,0.85,21090.0,1.1716666666666666,False,0,0,1
2025-07-01 08:00:00,32,pv_priority_pv_scale-1_w_spill-0p02,mpc,23.20444504226559,19.20444504226559,18000.0,1310.64,1312.311167892096,165.0,0.0,per_day_proxy,,21110.720043043122,2160.0,7999.999999999996,7967.446808510643,32.553191489353864,0.0,0.00723404255318974,0.19502213377401967,-0.18778809122082993,8.673617379884035e-18,0.0,0.0,0.1,0,4330.0,8000.0,0.9999999999999996,7.104795737122557,1125.9999999999995,1125.9999999999995,0.0,184.64000000000055,3090.0,3090.0,0.0,24.457229227004284,24.504328805326832,0.85,0.85,19126.0,1.0625555555555555,False,1,0,0
2025-07-01 08:15:00,33,pv_priority_pv_scale-1_w_spill-0p02,mpc,23.115288317580617,19.115288317580617,18000.0,1310.64,1235.7964070211915,165.0,0.0,per_day_proxy,,21104.300758865804,2160.0,8000.0,7967.446808510646,32.553191489353864,0.0,0.007234042553189749,0.19502213377401967,-0.18778809122082993,8.673617379884035e-18,0.0,0.0,0.1,0,4330.0,8000.0,1.0,7.104795737122558,1126.0,1126.0,0.0,184.6400000000001,3090.0,3090.0,0.0,24.504328805326832,24.55066194194496,0.85,0.85,19126.0,1.0625555555555555,False,1,0,0
2025-07-01 08:30:00,34,pv_priority_pv_scale-1_w_spill-0p02,mpc,23.051330831757138,19.051330831757138,18000.0,1310.64,1229.926531257077,165.0,0.0,per_day_proxy,,21099.69581988651,2160.0,8000.000000000009,7967.4468085106555,32.553191489353864,0.0,0.007234042553189749,0.19502213377401967,-0.18778809122082993,0.0,0.0,0.0,0.1,0,4330.0,8000.0,1.000000000000001,7.104795737122559,1126.0000000000011,1126.0000000000011,0.0,184.63999999999896,3090.0,3090.0,0.0,24.55066194194496,24.596374693811857,0.85,0.85,19126.0,1.0625555555555555,False,1,0,0
2025-07-01 08:45:00,35,pv_priority_pv_scale-1_w_spill-0p02,mpc,23.01284646056838,19.01284646056838,18000.0,1310.64,1330.6087196704675,165.0,0.0,per_day_proxy,,21096.92494516092,2160.0,8000.000000000003,7967.446808510649,32.553191489353864,0.0,0.007234042553189749,0.19502213377401967,-0.18778809122082993,0.0,0.0,0.0,0.1,0,4330.0,8000.0,1.0000000000000004,7.104795737122559,1126.0000000000002,1126.0000000000002,0.0,184.63999999999987,3090.0,3090.0,0.0,24.596374693811857,24.641613836861566,0.85,0.85,19126.0,1.0625555555555555,False,1,0,0
2025-07-01 09:00:00,36,pv_priority_pv_scale-1_w_spill-0p02,mpc,23.0,19.0,18000.0,2125.5,2151.4554908215414,165.0,0.0,per_day_proxy,,21096.0,2160.0,16499.999999999996,16467.446808510642,32.553191489353864,0.0,0.007234042553189749,0.19502213377401967,-0.18778809122082993,0.0,0.0,0.0,0.1,2,14000.0,22000.0,0.7499999999999999,6.883604505632039,2396.9999999999995,2396.9999999999995,271.49999999999955,0.0,3090.0,3090.000000000002,0.0,24.641613836861566,24.64827624839092,0.85,0.85,20397.0,1.1331666666666667,False,0,0,1
2025-07-01 09:15:00,37,pv_priority_pv_scale-1_w_spill-0p02,mpc,23.01284646056838,19.01284646056838,18000.0,2125.5,2279.1696894383394,165.0,0.0,per_day_proxy,,21096.92494516092,2160.0,16500.0,16467.446808510645,32.553191489353864,0.0,0.007234042553189749,0.19502213377401967,-0.18778809122082993,0.0,0.0,0.0,0.1,2,14000.0,22000.0,0.75,6.88360450563204,2397.0,2397.0,271.5,0.0,3090.0,3090.0,0.0,24.64827624839092,24.65497344519612,0.85,0.85,20397.0,1.1331666666666667,False,0,0,1
2025-07-01 09:30:00,38,pv_priority_pv_scale-1_w_spill-0p02,mpc,23.051330831757138,19.051330831757138,18000.0,2125.5,2076.840375197113,165.0,0.0,per_day_proxy,,21099.69581988651,2160.0,16500.0,16467.446808510645,32.553191489353864,0.0,0.00723404255319164,0.19502213377401967,-0.18778809122082804,1.8908485888147197e-15,0.0,1.887379141862766e-15,0.1,2,14000.0,22000.0,0.75,6.88360450563204,2397.0,2397.0,271.5,0.0,3090.0,3090.0,0.0,24.65497344519612,24.66184944485723,0.85,0.85,20397.0,1.1331666666666667,False,0,0,1
2025-07-01 09:45:00,39,pv_priority_pv_scale-1_w_spill-0p02,mpc,23.115288317580617,19.115288317580617,18000.0,2125.5,2072.0526127343005,165.0,0.0,per_day_proxy,,21104.300758865804,2160.0,16500.0,16467.446808510645,32.553191489353864,0.0,0.00723404255319164,0.19502213377401967,-0.18778809122082804,0.0,0.0,0.0,0.1,2,14000.0,22000.0,0.75,6.88360450563204,2397.0,2397.0,271.5,0.0,3090.0,3090.0000000000005,0.0,24.66184944485723,24.669046527878,0.85,0.85,20397.0,1.1331666666666667,False,0,0,1
2025-07-01 10:00:00,40,pv_priority_pv_scale-1_w_spill-0p02,mpc,23.20444504226559,19.20444504226559,18000.0,2317.68,2240.450621632168,165.0,0.0,per_day_proxy,,21110.720043043122,2160.0,16500.0,16467.446808510645,32.553191489353864,0.0,0.007234042553189749,0.19502213377401778,-0.18778809122082804,1.8908485888147197e-15,1.887379141862766e-15,0.0,0.1,2,14000.0,22000.0,0.75,6.88360450563204,2397.0,2397.0,79.32000000000016,0.0,3090.0,3090.0,0.0,24.669046527878,24.67670463388313,0.85,0.85,20397.0,1.1331666666666667,False,0,0,1
2025-07-01 10:15:00,41,pv_priority_pv_scale-1_w_spill-0p02,mpc,23.318419223029366,19.318419223029366,18000.0,2317.68,2282.0311583037537,165.0,0.0,per_day_proxy,,21118.926184058113,2160.0,16499.999999999996,16467.446808510642,32.553191489353864,0.0,0.007234042553189749,0.19502213377401778,-0.18778809122082804,0.0,0.0,0.0,0.1,2,14000.0,22000.0,0.7499999999999999,6.883604505632039,2396.9999999999995,2396.9999999999995,79.31999999999971,0.0,3090.0,3090.0,0.0,24.67670463388313,24.68496076780878,0.85,0.85,20397.0,1.1331666666666667,False,0,0,1
2025-07-01 10:30:00,42,pv_priority_pv_scale-1_w_spill-0p02,mpc,23.45672280493228,19.45672280493228,18000.0,2317.68,2383.809901477723,165.0,0.0,per_day_proxy,,21128.884041955123,2160.0,16500.0,16467.446808510645,32.553191489353864,0.0,0.007234042553189749,0.19502213377401778,-0.18778809122082804,0.0,0.0,0.0,0.1,2,14000.0,22000.0,0.75,6.88360450563204,2397.0,2397.0,79.32000000000016,0.0,3090.0,3090.0000000000055,0.0,24.68496076780878,24.6939484186293,0.85,0.85,20397.0,1.1331666666666667,False,0,0,1
2025-07-01 10:45:00,43,pv_priority_pv_scale-1_w_spill-0p02,mpc,23.61876355080387,19.61876355080387,18000.0,2317.68,2374.0438226248693,165.0,0.0,per_day_proxy,,21140.550975657876,2160.0,20638.357432634686,20605.80424114533,32.553191489353864,0.0,0.007234042553189749,0.19502213377401778,-0.18778809122082804,0.0,0.0,0.0,0.1,2,14000.0,22000.0,0.9381071560288494,7.071725537105718,2918.4330365119704,2918.4330365119704,600.7530365119705,0.0,3090.0,3090.0,0.0,24.6939484186293,24.68517438466263,0.85,0.85,20918.43303651197,1.1621351686951096,False,0,0,1
2025-07-01 11:00:00,44,pv_priority_pv_scale-1_w_spill-0p02,mpc,23.803847577293368,19.803847577293368,18000.0,2813.16,2732.266060830174,83.0,0.0,per_day_proxy,,21153.87702556512,2160.0,21999.999999999996,21967.446808510642,32.553191489353864,0.0,0.007234042553189749,0.19502213377401778,-0.18778809122082804,0.0,0.0,0.0,0.1,2,14000.0,22000.0,0.9999999999999999,7.119741100323624,3089.9999999999995,3089.9999999999995,276.8399999999997,0.0,3090.0,3090.0,0.0,24.68517438466263,24.671363410732884,0.85,0.85,21090.0,1.1716666666666666,False,0,0,1
2025-07-01 11:15:00,45,pv_priority_pv_scale-1_w_spill-0p02,mpc,24.01118232618473,20.01118232618473,18000.0,2813.16,2696.9834931185183,83.0,0.0,per_day_proxy,,21168.8051274853,2160.0,21999.999999999996,21967.446808510642,32.553191489353864,0.0,0.007234042553189749,0.19502213377401778,-0.18778809122082804,0.0,0.0,0.0,0.1,2,14000.0,22000.0,0.9999999999999999,7.119741100323624,3089.9999999999995,3089.9999999999995,276.8399999999997,0.0,3090.0,3090.0,0.0,24.671363410732884,24.658796381494003,0.85,0.85,21090.0,1.1716666666666666,False,0,0,1
2025-07-01 11:30:00,46,pv_priority_pv_scale-1_w_spill-0p02,mpc,24.239879958252587,20.239879958252587,18000.0,2813.16,2827.884313232208,83.0,0.0,per_day_proxy,,21185.271356994184,2160.0,21999.999999999996,21967.446808510642,32.553191489353864,0.0,0.007234042553189749,0.19502213377401778,-0.18778809122082804,0.0,0.0,0.0,0.1,2,14000.0,22000.0,0.9999999999999999,7.119741100323624,3089.9999999999995,3089.9999999999995,276.8399999999997,0.0,3090.0,3090.0,0.0,24.658796381494003,24.647586465974975,0.85,0.85,21090.0,1.1716666666666666,False,0,0,1
2025-07-01 11:45:00,47,pv_priority_pv_scale-1_w_spill-0p02,mpc,24.488961155126134,20.488961155126134,18000.0,2813.16,2676.548544120322,83.0,0.0,per_day_proxy,,21203.20520316908,2160.0,22000.0,21967.446808510645,32.553191489353864,0.0,0.007234042553189749,0.19502213377401778,-0.18778809122082804,0.0,0.0,0.0,0.1,2,14000.0,22000.0,1.0,7.119741100323624,3090.0,3090.0,276.84000000000015,0.0,3090.0,3090.0,0.0,24.647586465974975,24.637840687963156,0.85,0.85,21090.0,1.1716666666666666,False,0,0,1
2025-07-01 12:00:00,48,pv_priority_pv_scale-1_w_spill-0p02,mpc,24.757359312880716,20.757359312880716,18000.0,3432.96,3577.532470384339,29.0,0.0,per_day_proxy,,21222.52987052741,2160.0,22000.0,21967.446808510645,32.553191489353864,0.0,0.007234042553189749,0.19502213377401778,-0.18778809122082804,0.0,0.0,0.0,0.1,2,14000.0,22000.0,1.0,7.119741100323624,3090.0,3090.0,0.0,342.96000000000004,3090.0,3090.0,0.0,24.637840687963156,24.62965946959002,0.85,0.85,21090.0,1.1716666666666666,False,0,0,1
2025-07-01 12:15:00,49,pv_priority_pv_scale-1_w_spill-0p02,mpc,25.043925109399588,21.043925109399588,18000.0,3432.96,3287.0693757481,29.0,0.0,per_day_proxy,,21243.16260787677,2160.0,22000.0,22000.0,0.0,0.0,0.0,0.19502213377401778,-0.19502213377401778,0.007234042553189749,0.0,0.00723404255318974,0.1,2,14000.0,22000.0,1.0,7.119741100323624,3090.0,3090.0,0.0,342.96000000000004,3090.0,3090.0,0.0,24.62965946959002,24.622989713813947,0.85,0.8495750000000001,21090.0,1.1716666666666666,False,0,0,1
2025-07-01 12:30:00,50,pv_priority_pv_scale-1_w_spill-0p02,mpc,25.347431425947676,21.347431425947676,18000.0,3432.96,3489.88651152641,29.0,0.0,per_day_proxy,,21265.01506266823,2160.0,22000.0,22000.0,0.0,0.0,0.0,0.19502213377401778,-0.19502213377401778,0.0,0.0,0.0,0.1,2,14000.0,22000.0,1.0,7.119741100323624,3090.0,3090.0,0.0,342.96000000000004,3090.0,3090.0,0.0,24.622989713813947,24.618064698444698,0.8495750000000001,0.8491502125000001,21090.0,1.1716666666666666,False,0,0,1
2025-07-01 12:45:00,51,pv_priority_pv_scale-1_w_spill-0p02,mpc,25.666578601882385,21.666578601882385,18000.0,3432.96,3334.250841014918,29.0,0.0,per_day_proxy,,21287.99365933553,2160.0,22000.0,22000.0,0.0,0.0,0.0,0.19502213377401778,-0.19502213377401778,0.0,0.0,0.0,0.1,2,14000.0,22000.0,1.0,7.119741100323624,3090.0,3090.0,0.0,342.96000000000004,3090.0,3090.0000000000005,0.0,24.618064698444698,24.614962589151535,0.8491502125000001,0.8487256373937502,21090.0,1.1716666666666666,False,0,0,1
2025-07-01 13:00:00,52,pv_priority_pv_scale-1_w_spill-0p02,mpc,26.0,22.0,18000.0,2821.08,2679.0392267958873,83.0,0.0,per_day_proxy,,21312.0,2160.0,21999.999999999996,21999.999999999996,0.0,0.0,0.0,0.19502213377401778,-0.19502213377401778,0.0,0.0,0.0,0.1,2,14000.0,22000.0,0.9999999999999999,7.119741100323624,3089.9999999999995,3089.9999999999995,268.9199999999996,0.0,3090.0,3090.0,0.0,24.614962589151535,24.613753424587557,0.8487256373937502,0.8483012745750533,21090.0,1.1716666666666666,False,0,0,1
2025-07-01 13:15:00,53,pv_priority_pv_scale-1_w_spill-0p02,mpc,26.34626785868599,22.34626785868599,18000.0,2821.08,2672.800600038042,83.0,0.0,per_day_proxy,,21336.931285825387,2160.0,21999.999999999996,21999.999999999996,0.0,0.0,0.0,0.19502213377401778,-0.19502213377401778,0.0,0.0,0.0,0.1,2,14000.0,22000.0,0.9999999999999999,7.119741100323624,3089.9999999999995,3089.9999999999995,268.9199999999996,0.0,3090.0,3090.0000000000014,0.0,24.613753424587557,24.614498818279362,0.8483012745750533,0.8478771239377658,21090.0,1.1716666666666666,False,0,0,1
2025-07-01 13:30:00,54,pv_priority_pv_scale-1_w_spill-0p02,mpc,26.703899405809462,22.703899405809462,18000.0,2821.08,2741.1357032621954,83.0,0.0,per_day_proxy,,21362.68075721828,2160.0,22000.0,22000.0,0.0,0.0,0.0,0.19502213377401778,-0.19502213377401778,0.0,0.0,0.0,0.1,2,14000.0,22000.0,1.0,7.119741100323624,3090.0,3090.0,268.9200000000001,0.0,3090.0,3090.0,0.0,24.614498818279362,24.61725169658422,0.8478771239377658,0.847453185375797,21090.0,1.1716666666666666,False,0,0,1
2025-07-01 13:45:00,55,pv_priority_pv_scale-1_w_spill-0p02,mpc,27.07136320818103,23.07136320818103,18000.0,2821.08,2676.886540628573,83.0,0.0,per_day_proxy,,21389.13815098903,2160.0,22000.0,22000.0,0.0,0.0,0.0,0.19502213377401778,-0.19502213377401778,0.0,0.0,0.0,0.1,2,14000.0,22000.0,1.0,7.119741100323624,3090.0,3090.0,268.9200000000001,0.0,3090.0,3090.0,0.0,24.61725169658422,24.62205607383695,0.847453185375797,0.8470294587831091,21090.0,1.1716666666666666,False,0,0,1
2025-07-01 14:00:00,56,pv_priority_pv_scale-1_w_spill-0p02,mpc,27.447085729384874,23.447085729384874,18000.0,1777.74,1841.0284139766763,83.0,0.0,per_day_proxy,,21416.19017251571,2160.0,22000.0,22000.0,0.0,0.0,0.0,0.19502213377401778,-0.19502213377401778,0.0,0.0,0.0,0.1,2,14000.0,22000.0,1.0,7.119741100323624,3090.0,3090.0,1312.26,0.0,3090.0,3090.0,0.0,24.62205607383695,24.62894686564941,0.8470294587831091,0.8466059440537176,21090.0,1.1716666666666666,False,0,0,1
2025-07-01 14:15:00,57,pv_priority_pv_scale-1_w_spill-0p02,mpc,27.829458067903232,23.829458067903232,18000.0,1777.74,1731.2943938563617,83.0,0.0,per_day_proxy,,21443.720980889033,2160.0,22000.0,22000.0,0.0,0.0,0.0,0.19502213377401778,-0.19502213377401778,0.0,0.0,0.0,0.1,2,14000.0,22000.0,1.0,7.119741100323624,3090.0,3090.0,1312.26,0.0,3090.0,3090.0,0.0,24.62894686564941,24.63794974116209,0.8466059440537176,0.8461826410816907,21090.0,1.1716666666666666,False,0,0,1
2025-07-01 14:30:00,58,pv_priority_pv_scale-1_w_spill-0p02,mpc,28.21684284667969,24.21684284667969,18000.0,1777.74,1678.852142491221,83.0,0.0,per_day_proxy,,21471.612684960935,2160.0,22000.0,22000.0,0.0,0.0,0.0,0.19502213377401778,-0.19502213377401778,0.0,0.0,0.0,0.1,2,14000.0,22000.0,1.0,7.119741100323624,3090.0,3090.0,1312.26,0.0,3090.0,3090.0,0.0,24.637949741162085,24.649081014880622,0.8461826410816907,0.84575954976115,21090.0,1.1716666666666666,False,0,0,1
2025-07-01 14:45:00,59,pv_priority_pv_scale-1_w_spill-0p02,mpc,28.607581224619143,24.607581224619143,18000.0,1777.74,1825.8308280160443,83.0,0.0,per_day_proxy,,21499.745848172577,2160.0,22000.0,22000.0,0.0,0.0,0.0,0.19502213377401778,-0.19502213377401778,0.0,0.0,0.0,0.1,2,14000.0,22000.0,1.0,7.119741100323624,3090.0,3090.0,1312.26,0.0,3090.0,3090.0,0.0,24.649081014880622,24.6623475785604,0.84575954976115,0.8453366699862694,21090.0,1.1716666666666666,False,0,0,1
2025-07-01 15:00:00,60,pv_priority_pv_scale-1_w_spill-0p02,mpc,29.0,25.0,18000.0,1420.5,1379.7710505814825,83.0,0.0,per_day_proxy,,21528.0,2160.0,22000.0,22000.0,0.0,0.0,0.0,0.19502213377401778,-0.19502213377401778,0.0,0.0,0.0,0.1,2,14000.0,22000.0,1.0,7.119741100323624,3090.0,3090.0,1669.5,0.0,3090.0,3090.0,0.0,24.6623475785604,24.677746873430998,0.8453366699862694,0.8449140016512764,21090.0,1.1716666666666666,False,0,0,1
2025-07-01 15:15:00,61,pv_priority_pv_scale-1_w_spill-0p02,mpc,29.392418775380857,25.392418775380857,18000.0,1420.5,1553.1416719061137,83.0,0.0,per_day_proxy,,21556.254151827423,2160.0,22000.0,22000.0,0.0,0.0,0.0,0.19502213377401778,-0.19502213377401778,0.0,0.0,0.0,0.1,2,14000.0,22000.0,1.0,7.119741100323624,3090.0,3090.0,1669.5,0.0,3090.0,3090.0,0.0,24.677746873430998,24.695266902879467,0.8449140016512764,0.8444915446504508,21090.0,1.1716666666666666,False,0,0,1
2025-07-01 15:30:00,62,pv_priority_pv_scale-1_w_spill-0p02,mpc,29.78315715332031,25.78315715332031,18000.0,1420.5,1471.2338560880198,83.0,0.0,per_day_proxy,,21584.38731503906,2160.0,22000.0,22000.0,0.0,0.0,0.0,0.19502213377401778,-0.19502213377401778,0.0,0.0,0.0,0.1,2,14000.0,22000.0,1.0,7.119741100323624,3090.0,3090.0,1669.5,0.0,3090.0,3090.0,0.0,24.695266902879467,24.714886285538196,0.8444915446504508,0.8440692988781257,21090.0,1.1716666666666666,False,0,0,1
2025-07-01 15:45:00,63,pv_priority_pv_scale-1_w_spill-0p02,mpc,30.170541932096768,26.170541932096768,18000.0,1420.5,1414.586718834697,83.0,0.0,per_day_proxy,,21612.279019110967,2160.0,22000.0,22000.0,0.0,0.0,0.0,0.19502213377401778,-0.19502213377401778,0.0,0.0,0.0,0.1,2,14000.0,22000.0,1.0,7.119741100323624,3090.0,3090.0,1669.5,0.0,3090.0,3090.0,0.0,24.714886285538196,24.736574348550086,0.8440692988781257,0.8436472642286866,21090.0,1.1716666666666666,False,0,0,1
2025-07-01 16:00:00,64,pv_priority_pv_scale-1_w_spill-0p02,mpc,30.552914270615126,26.552914270615126,18000.0,834.66,836.6932703049301,83.0,0.0,per_day_proxy,,21639.809827484285,2160.0,22000.0,22000.0,0.0,0.0,0.0,0.19502213377401778,-0.19502213377401778,0.0,0.0,0.0,0.1,2,14000.0,22000.0,1.0,7.119741100323624,3090.0,3090.0,2255.34,0.0,3090.0,3090.0,0.0,24.736574348550086,24.7602912606117,0.8436472642286866,0.8432254405965723,21090.0,1.1716666666666666,False,0,0,1
2025-07-01 16:15:00,65,pv_priority_pv_scale-1_w_spill-0p02,mpc,30.92863679181897,26.92863679181897,18000.0,834.66,792.7881906278105,83.0,0.0,per_day_proxy,,21666.861849010966,2160.0,22000.0,22000.0,0.0,0.0,0.0,0.19502213377401778,-0.19502213377401778,0.0,0.0,0.0,0.1,2,14000.0,22000.0,1.0,7.119741100323624,3090.0,3090.0,2255.34,0.0,3090.0,3090.0,0.0,24.7602912606117,24.78598820422474,0.8432254405965723,0.8428038278762741,21090.0,1.1716666666666666,False,0,0,1
2025-07-01 16:30:00,66,pv_priority_pv_scale-1_w_spill-0p02,mpc,31.296100594190538,27.296100594190538,18000.0,834.66,789.033064644824,83.0,0.0,per_day_proxy,,21693.31924278172,2160.0,22000.0,22000.0,0.0,0.0,0.0,0.19502213377401778,-0.19502213377401778,0.0,0.0,0.0,0.1,2,14000.0,22000.0,1.0,7.119741100323624,3090.0,3090.0,2255.34,0.0,3090.0,3090.0,0.0,24.78598820422474,24.813607586418296,0.8428038278762741,0.8423824259623359,21090.0,1.1716666666666666,False,0,0,1
2025-07-01 16:45:00,67,pv_priority_pv_scale-1_w_spill-0p02,mpc,31.65373214131401,27.65373214131401,18000.0,834.66,844.9467026453692,83.0,0.0,per_day_proxy,,21719.068714174606,2160.0,22000.0,22000.0,0.0,0.0,0.0,0.19502213377401778,-0.19502213377401778,0.0,0.0,0.0,0.1,2,14000.0,22000.0,1.0,7.119741100323624,3090.0,3090.0,2255.34,0.0,3090.0,3090.0,0.0,24.813607586418296,24.843083287039587,0.8423824259623359,0.8419612347493548,21090.0,1.1716666666666666,False,0,0,1
2025-07-01 17:00:00,68,pv_priority_pv_scale-1_w_spill-0p02,mpc,32.0,28.0,18000.0,358.26,338.4032107153652,165.0,0.0,per_day_proxy,,21744.0,2160.0,5999.999999999994,5999.999999999994,0.0,0.0,0.0,0.19502213377401778,-0.19502213377401778,0.0,0.0,0.0,0.1,0,4330.0,8000.0,0.7499999999999992,6.864988558352403,873.9999999999991,873.9999999999991,515.7399999999991,0.0,3090.0,3090.0,0.0,24.843083287039587,24.946340943549988,0.8419612347493548,0.8415402541319802,18874.0,1.0485555555555555,False,1,0,0
2025-07-01 17:15:00,69,pv_priority_pv_scale-1_w_spill-0p02,mpc,32.333421398117615,28.333421398117615,18000.0,358.26,348.0372839922909,165.0,0.0,per_day_proxy,,21768.006340664466,2160.0,6756.165899629022,6756.165899629022,0.0,0.0,0.0,0.19502213377401778,-0.19502213377401778,0.0,0.0,0.0,0.1,0,4330.0,8000.0,0.8445207374536277,6.970315578815263,969.2769033532568,969.2769033532568,611.0169033532568,0.0,3090.0,3090.0,0.0,24.946340943549988,25.0474905245586,0.8415402541319802,0.8411194840049142,18969.276903353257,1.0538487168529587,False,1,0,0
2025-07-01 17:30:00,70,pv_priority_pv_scale-1_w_spill-0p02,mpc,32.652568574052324,28.652568574052324,18000.0,358.26,365.92264336879924,165.0,0.0,per_day_proxy,,21790.984937331767,2160.0,6000.000000000014,6000.000000000014,0.0,0.0,0.0,0.19502213377401778,-0.19502213377401778,0.0,0.0,0.0,0.1,0,4330.0,8000.0,0.7500000000000017,6.8649885583524055,874.0000000000016,874.0000000000016,515.7400000000016,0.0,3090.0,3090.0000000000014,0.0,25.0474905245586,25.153269088587002,0.8411194840049142,0.8406989242629118,18874.0,1.0485555555555555,False,1,0,0
2025-07-01 17:45:00,71,pv_priority_pv_scale-1_w_spill-0p02,mpc,32.95607489060041,28.956074890600412,18000.0,358.26,346.1409850218497,165.0,0.0,per_day_proxy,,21812.837392123227,2160.0,8000.0,8000.0,0.0,0.0,0.0,0.19502213377401778,-0.19502213377401778,0.0,0.0,0.0,0.1,0,4330.0,8000.0,1.0,7.104795737122558,1126.0,1126.0,767.74,0.0,3090.0,3090.0000000000005,0.0,25.153269088587002,25.251159871223326,0.8406989242629118,0.8402785748007804,19126.0,1.0625555555555555,False,1,0,0
2025-07-01 18:00:00,72,pv_priority_pv_scale-1_w_spill-0p02,mpc,33.242640687119284,29.242640687119284,18000.0,81.48,84.00817552202489,165.0,0.0,per_day_proxy,,21833.470129472586,2160.0,8000.0,8000.0,0.0,0.0,0.0,0.19502213377401778,-0.19502213377401778,0.0,0.0,0.0,0.1,0,4330.0,8000.0,1.0,7.104795737122558,1126.0,1126.0,1044.52,0.0,3090.0,3090.0000000001296,0.0,25.251159871223326,25.35011195081274,0.8402785748007804,0.83985843551338,19126.0,1.0625555555555555,False,1,0,0
2025-07-01 18:15:00,73,pv_priority_pv_scale-1_w_spill-0p02,mpc,33.511038844873866,29.511038844873866,18000.0,81.48,85.40847296776207,165.0,0.0,per_day_proxy,,21852.794796830916,2160.0,22000.000000000004,22000.000000000004,0.0,0.0,0.0,0.19502213377401778,-0.19502213377401778,0.0,0.0,0.0,0.1,2,14000.0,22000.0,1.0000000000000002,7.119741100323624,3090.0000000000005,3090.0000000000005,3008.5200000000004,0.0,3090.0,3090.0,0.0,25.35011195081274,25.387017164591835,0.83985843551338,0.8394385062956233,21090.0,1.1716666666666666,False,0,0,1
2025-07-01 18:30:00,74,pv_priority_pv_scale-1_w_spill-0p02,mpc,33.76012004174741,29.760120041747413,18000.0,81.48,83.78646851958659,165.0,0.0,per_day_proxy,,21870.728643005812,2160.0,21999.999999999996,21999.999999999996,0.0,0.0,0.0,0.19502213377401778,-0.19502213377401778,0.0,0.0,0.0,0.1,2,14000.0,22000.0,0.9999999999999999,7.119741100323625,3089.999999999999,3089.999999999999,3008.519999999999,0.0,3090.0,3090.0,0.0,25.387017164591835,25.425115868275835,0.8394385062956233,0.8390187870424756,21090.0,1.1716666666666666,False,0,0,1
2025-07-01 18:45:00,75,pv_priority_pv_scale-1_w_spill-0p02,mpc,33.98881767381527,29.98881767381527,18000.0,81.48,88.52053551604317,165.0,0.0,per_day_proxy,,21887.194872514698,2160.0,22000.0,22000.0,0.0,0.0,0.0,0.19502213377401778,-0.19502213377401778,0.0,0.0,0.0,0.1,2,14000.0,22000.0,1.0,7.119741100323624,3090.0,3090.0,3008.52,0.0,3090.0,3090.0000000000005,0.0,25.425115868275835,25.464286690931992,0.8390187870424756,0.8385992776489544,21090.0,1.1716666666666666,False,0,0,1
2025-07-01 19:00:00,76,pv_priority_pv_scale-1_w_spill-0p02,mpc,34.19615242270663,30.196152422706632,18000.0,0.0,0.0,200.0,0.0,per_day_proxy,,21902.122974434875,2160.0,0.0,0.0,0.0,0.0,0.0,0.19502213377401778,-0.19502213377401778,0.0,0.0,0.0,0.1,-1,0.0,0.0,0.0,0.0,0.0,0.0,0.0,0.0,3090.0,3090.0000000000005,0.0,25.464286690931992,25.603403435673226,0.8385992776489544,0.8381799780101299,18000.0,1.0,False,0,0,0
2025-07-01 19:15:00,77,pv_priority_pv_scale-1_w_spill-0p02,mpc,34.38123644919613,30.38123644919613,18000.0,0.0,0.0,200.0,0.0,per_day_proxy,,21915.44902434212,2160.0,0.0,0.0,0.0,0.0,0.0,0.19502213377401778,-0.19502213377401778,0.0,0.0,0.0,0.1,-1,0.0,0.0,0.0,0.0,0.0,0.0,0.0,0.0,3090.0,3090.0,0.0,25.603403435673226,25.74277874637429,0.8381799780101299,0.8377608880211249,18000.0,1.0,False,0,0,0
2025-07-01 19:30:00,78,pv_priority_pv_scale-1_w_spill-0p02,mpc,34.543277195067716,30.543277195067716,18000.0,0.0,0.0,200.0,0.0,per_day_proxy,,21927.115958044873,2160.0,0.0,0.0,0.0,0.0,0.0,0.19502213377401778,-0.19502213377401778,0.0,0.0,0.0,0.1,-1,0.0,0.0,0.0,0.0,0.0,0.0,0.0,0.0,3090.0,3090.0,0.0,25.74277874637429,25.882281550148193,0.8377608880211249,0.8373420075771144,18000.0,1.0,False,0,0,0
2025-07-01 19:45:00,79,pv_priority_pv_scale-1_w_spill-0p02,mpc,34.681580776970634,30.681580776970634,18000.0,0.0,0.0,200.0,0.0,per_day_proxy,,21937.073815941883,2160.0,0.0,0.0,0.0,0.0,0.0,0.19502213377401778,-0.19502213377401778,0.0,0.0,0.0,0.1,-1,0.0,0.0,0.0,0.0,0.0,0.0,0.0,0.0,3090.0,3090.0000000000005,0.0,25.882281550148193,26.021777608299068,0.8373420075771144,0.8369233365733258,18000.0,1.0,False,0,0,0
2025-07-01 20:00:00,80,pv_priority_pv_scale-1_w_spill-0p02,mpc,34.79555495773441,30.79555495773441,18000.0,0.0,0.0,200.0,0.0,per_day_proxy,,21945.279956956878,2160.0,0.0,0.0,0.0,0.0,0.0,0.19502213377401778,-0.19502213377401778,0.0,0.0,0.0,0.1,-1,0.0,0.0,0.0,0.0,0.0,0.0,0.0,0.0,3090.0,3090.000000000003,0.0,26.021777608299068,26.161130105889644,0.8369233365733258,0.8365048749050392,18000.0,1.0,False,0,0,0
2025-07-01 20:15:00,81,pv_priority_pv_scale-1_w_spill-0p02,mpc,34.88471168241938,30.88471168241938,18000.0,0.0,0.0,200.0,0.0,per_day_proxy,,21951.699241134196,2160.0,0.0,0.0,0.0,0.0,0.0,0.19502213377401778,-0.19502213377401778,0.0,0.0,0.0,0.1,-1,0.0,0.0,0.0,0.0,0.0,0.0,0.0,0.0,3090.0,3090.0000000000095,0.0,26.161130105889644,26.300200252257625,0.8365048749050392,0.8360866224675867,18000.0,1.0,False,0,0,0
2025-07-01 20:30:00,82,pv_priority_pv_scale-1_w_spill-0p02,mpc,34.94866916824286,30.94866916824286,18000.0,0.0,0.0,200.0,0.0,per_day_proxy,,21956.304180113486,2160.0,0.0,0.0,0.0,0.0,0.0,0.19502213377401778,-0.19502213377401778,0.0,0.0,0.0,0.1,-1,0.0,0.0,0.0,0.0,0.0,0.0,0.0,0.0,3090.0,3090.0000000000027,0.0,26.300200252257625,26.438847889910043,0.8360866224675867,0.835668579156353,18000.0,1.0,False,0,0,0
2025-07-01 20:45:00,83,pv_priority_pv_scale-1_w_spill-0p02,mpc,34.98715353943162,30.987153539431617,18000.0,0.0,0.0,200.0,0.0,per_day_proxy,,21959.075054839075,2160.0,0.0,0.0,0.0,0.0,0.0,0.19502213377401778,-0.19502213377401778,0.0,0.0,0.0,0.1,-1,0.0,0.0,0.0,0.0,0.0,0.0,0.0,0.0,3090.0,3090.0000000000146,0.0,26.438847889910043,26.576932109188604,0.835668579156353,0.8352507448667749,18000.0,1.0,False,0,0,0
2025-07-01 21:00:00,84,pv_priority_pv_scale-1_w_spill-0p02,mpc,35.0,31.0,18000.0,0.0,0.0,165.0,0.0,per_day_proxy,,21960.0,2160.0,22000.0,22000.0,0.0,0.0,0.0,0.19502213377401778,-0.19502213377401778,0.0,0.0,0.0,0.1,2,14000.0,22000.0,1.0,7.119741100323624,3090.0,3090.0,3090.0,0.0,3090.0,3090.0,0.0,26.576932109188604,26.615311866074418,0.8352507448667749,0.8348331194943415,21090.0,1.1716666666666666,False,0,0,1
2025-07-01 21:15:00,85,pv_priority_pv_scale-1_w_spill-0p02,mpc,34.98715353943162,30.987153539431617,18000.0,0.0,0.0,165.0,0.0,per_day_proxy,,21959.075054839075,2160.0,22000.0,22000.0,0.0,0.0,0.0,0.19502213377401778,-0.19502213377401778,0.0,0.0,0.0,0.1,2,14000.0,22000.0,1.0,7.119741100323624,3090.0,3090.0,3090.0,0.0,3090.0,3090.0,0.0,26.615311866074418,26.653403475487053,0.8348331194943415,0.8344157029345943,21090.0,1.1716666666666666,False,0,0,1
2025-07-01 21:30:00,86,pv_priority_pv_scale-1_w_spill-0p02,mpc,34.94866916824286,30.94866916824286,18000.0,0.0,0.0,165.0,0.0,per_day_proxy,,21956.304180113486,2160.0,22000.0,22000.0,0.0,0.0,0.0,0.19502213377401778,-0.19502213377401778,0.0,0.0,0.0,0.1,2,14000.0,22000.0,1.0,7.119741100323624,3090.0,3090.0,3090.0,0.0,3090.0,3090.0,0.0,26.653403475487053,26.691064345008805,0.8344157029345943,0.8339984950831271,21090.0,1.1716666666666666,False,0,0,1
2025-07-01 21:45:00,87,pv_priority_pv_scale-1_w_spill-0p02,mpc,34.88471168241938,30.88471168241938,18000.0,0.0,0.0,165.0,0.0,per_day_proxy,,21951.699241134196,2160.0,22000.0,22000.0,0.0,0.0,0.0,0.19502213377401778,-0.19502213377401778,0.0,0.0,0.0,0.1,2,14000.0,22000.0,1.0,7.119741100323624,3090.0,3090.0,3090.0,0.0,3090.0,3090.0,0.0,26.691064345008805,26.728153611281737,0.8339984950831271,0.8335814958355855,21090.0,1.1716666666666666,False,0,0,1
2025-07-01 22:00:00,88,pv_priority_pv_scale-1_w_spill-0p02,mpc,34.79555495773441,30.79555495773441,18000.0,0.0,0.0,83.0,0.0,per_day_proxy,,21945.279956956878,2160.0,22000.0,22000.0,0.0,0.0,0.0,0.20000000000000015,-0.20000000000000015,0.0,0.004977866225982369,0.004977866225982369,0.1,2,14000.0,22000.0,1.0,7.119741100323624,3090.0,3090.0,3090.0,0.0,3090.0,3090.0,0.0,26.728153611281737,26.764532743855533,0.8335814958355855,0.8331647050876677,21090.0,1.1716666666666666,False,0,0,1
2025-07-01 22:15:00,89,pv_priority_pv_scale-1_w_spill-0p02,mpc,34.681580776970634,30.681580776970634,18000.0,0.0,0.0,83.0,0.0,per_day_proxy,,21937.073815941883,2160.0,22000.0,22000.0,0.0,0.0,0.0,0.30000000000000016,-0.30000000000000016,0.0,0.1,0.1,0.1,2,14000.0,22000.0,1.0,7.119741100323624,3090.0,3090.0,3090.0,0.0,3090.0,3090.0,0.0,26.764532743855533,26.800066139041807,0.8331647050876677,0.8327481227351239,21090.0,1.1716666666666666,False,0,0,1
2025-07-01 22:30:00,90,pv_priority_pv_scale-1_w_spill-0p02,mpc,34.54327719506772,30.543277195067724,18000.0,0.0,0.0,83.0,0.0,per_day_proxy,,21927.115958044873,2160.0,22000.0,22000.0,0.0,0.0,0.0,0.40000000000000013,-0.40000000000000013,0.0,0.09999999999999998,0.09999999999999998,0.1,2,14000.0,22000.0,1.0,7.119741100323624,3090.0,3090.0,3090.0,0.0,3090.0,3090.0,0.0,26.800066139041807,26.834621701231953,0.8327481227351239,0.8323317486737564,21090.0,1.1716666666666666,False,0,0,1
2025-07-01 22:45:00,91,pv_priority_pv_scale-1_w_spill-0p02,mpc,34.38123644919613,30.38123644919613,18000.0,0.0,0.0,83.0,0.0,per_day_proxy,,21915.44902434212,2160.0,22000.0,22000.0,0.0,0.0,0.0,0.5000000000000001,-0.5000000000000001,0.0,0.09999999999999998,0.09999999999999998,0.1,2,14000.0,22000.0,1.0,7.119741100323624,3090.0,3090.0,3090.0,0.0,3090.0,3090.0,0.0,26.834621701231953,26.86807140918925,0.8323317486737564,0.8319155827994196,21090.0,1.1716666666666666,False,0,0,1
2025-07-01 23:00:00,92,pv_priority_pv_scale-1_w_spill-0p02,mpc,34.19615242270663,30.196152422706632,18000.0,0.0,0.0,83.0,0.0,per_day_proxy,,21902.122974434875,2160.0,22000.0,22000.0,0.0,0.0,0.0,0.6000000000000001,-0.6000000000000001,0.0,0.09999999999999998,0.09999999999999998,0.1,2,14000.0,22000.0,1.0,7.119741100323624,3090.0,3090.0,3090.0,0.0,3090.0,3090.0,0.0,26.86807140918925,26.900291864890285,0.8319155827994196,0.8314996250080199,21090.0,1.1716666666666666,False,0,0,1
2025-07-01 23:15:00,93,pv_priority_pv_scale-1_w_spill-0p02,mpc,33.98881767381527,29.98881767381527,18000.0,0.0,0.0,83.0,0.0,per_day_proxy,,21887.194872514698,2160.0,22000.0,22000.0,0.0,0.0,0.0,0.7000000000000001,-0.7000000000000001,0.0,0.09999999999999998,0.09999999999999998,0.1,2,14000.0,22000.0,1.0,7.119741100323624,3090.0,3090.0,3090.0,0.0,3090.0,3090.0,0.0,26.900291864890285,26.931164822565485,0.8314996250080199,0.831083875195516,21090.0,1.1716666666666666,False,0,0,1
2025-07-01 23:30:00,94,pv_priority_pv_scale-1_w_spill-0p02,mpc,33.76012004174741,29.760120041747413,18000.0,0.0,0.0,83.0,0.0,per_day_proxy,,21870.728643005812,2160.0,22000.0,22000.0,0.0,0.0,0.0,0.8,-0.8,0.0,0.09999999999999998,0.09999999999999998,0.1,2,14000.0,22000.0,1.0,7.119741100323624,3090.0,3090.0,3090.0,0.0,3090.0,3090.0,0.0,26.931164822565485,26.960577695673383,0.831083875195516,0.8306683332579182,21090.0,1.1716666666666666,False,0,0,1
2025-07-01 23:45:00,95,pv_priority_pv_scale-1_w_spill-0p02,mpc,33.511038844873866,29.511038844873866,18000.0,0.0,0.0,83.0,0.0,per_day_proxy,,21852.794796830916,2160.0,22000.0,22000.0,0.0,440.0021559195996,0.0,0.9,-0.9,0.0,0.09999999999999998,0.09999999999999998,0.1,2,14000.0,22000.0,1.0,7.119741100323624,3090.0,3090.0,3090.0,0.0,3090.0,3090.0,0.0,26.960577695673383,26.986444029936,0.8306683332579182,0.8236104544668993,21090.0,1.1716666666666666,False,0,0,1
