timestamp,step,solve_status,objective_value,solve_time_s,mip_gap,mode_index,predicted_peak_grid_kw,episode_peak_grid_so_far_kw,solver_error
2025-07-01 00:00:00,0,optimal,2673.1138599547594,1.2263560999999754,0.0008955611153446353,2,3090.000000000001,3090.0,
2025-07-01 00:15:00,1,optimal,2707.6946427433572,0.9754834999912418,0.0016502836755440129,2,3090.0,3090.0,
2025-07-01 00:30:00,2,optimal,2743.0742062869394,0.7387527999817394,0.0016829080110176298,2,3090.0,3090.0,
2025-07-01 00:45:00,3,optimal,2775.966180304146,0.9587903000065126,0.001699606434218534,2,3090.0,3090.0,
2025-07-01 01:00:00,4,optimal,2807.4658506211886,0.9574039000144694,0.0021469365756118246,2,3090.0000000000023,3090.0,
2025-07-01 01:15:00,5,optimal,2832.639689137719,1.0311547000019345,0.0013154157909387692,2,3090.0,3090.0,
2025-07-01 01:30:00,6,optimal,2858.4125036918094,0.9655145999859087,0.001697756405607439,2,3090.0,3090.0,
2025-07-01 01:45:00,7,optimal,2881.6342047841035,1.0164322000055108,0.002213045529101795,2,3090.0,3090.0,
2025-07-01 02:00:00,8,optimal,2899.0351900630703,0.8587354999908712,0.0017858914955063696,2,3090.0,3090.0,
2025-07-01 02:15:00,9,optimal,2913.2699447577147,1.0306497999990825,0.0013347305824030998,2,3090.0,3090.0,
2025-07-01 02:30:00,10,optimal,2926.450422361194,1.0371443999756593,0.0016048216586446308,2,3090.0,3090.0,
2025-07-01 02:45:00,11,optimal,2936.2371141974936,1.0279251000029035,0.0018157389074926957,2,3090.0,3090.0,
2025-07-01 03:00:00,12,optimal,2943.4394036113695,1.435544400010258,0.001962778144424734,2,3090.0,3090.0,
2025-07-01 03:15:00,13,optimal,2947.1362507972617,1.484484499989776,0.0020419139451488045,2,3090.0,3090.0,
2025-07-01 03:30:00,14,optimal,2956.048235301472,0.9080708000110462,0.004998781890401288,2,3090.0,3090.0,
2025-07-01 03:45:00,15,optimal,2944.6368869017565,1.1311527999932878,0.0019848375703037796,2,3090.0,3090.0,
2025-07-01 04:00:00,16,optimal,2939.1989168845107,1.0302754000003915,0.0018621418440526727,2,3090.0,3090.0,
2025-07-01 04:15:00,17,optimal,2931.0486618444775,1.0330830999882892,0.0016886360416857474,2,3090.0,3090.0,
2025-07-01 04:30:00,18,optimal,2920.2214312312367,1.4192569000006188,0.003091326352451832,2,3090.0,3090.0,
2025-07-01 04:45:00,19,optimal,2907.8699424855163,1.1921955000143498,0.0015329507345257587,2,3090.0000000000005,3090.0,
2025-07-01 05:00:00,20,optimal,2894.2441148297585,1.2596489999850746,0.0019961544874763076,2,3090.0,3090.0,
2025-07-01 05:15:00,21,optimal,2878.989576631871,1.0910736999940127,0.0025883447280478484,2,3090.0000000000005,3090.0,
2025-07-01 05:30:00,22,optimal,2856.9485129802006,1.0685332999855746,0.0015873057121451645,2,3090.0,3090.0,
2025-07-01 05:45:00,23,optimal,2835.2034175827644,1.0390815999999177,0.0013959227977817284,2,3090.0,3090.0,
2025-07-01 06:00:00,24,optimal,2814.949122684693,0.9641895999957342,0.0024025410388073204,2,3090.0,3090.0,
2025-07-01 06:15:00,25,optimal,2804.3688668495242,1.1155393999943044,0.0023035084179473205,2,3090.0,3090.0,
2025-07-01 06:30:00,26,optimal,2801.2448834536585,1.1039217000070494,0.002703457074795045,2,3090.0,3090.0,
2025-07-01 06:45:00,27,optimal,2796.5194347994957,1.7208621999889147,0.0026201106790690654,2,3090.0,3090.0,
2025-07-01 07:00:00,28,optimal,2792.199867810093,1.4270283000078052,0.002788369906263339,2,3090.0,3090.0,
2025-07-01 07:15:00,29,optimal,2789.8522465291785,1.1256099000165705,0.0029651282380259714,2,3090.0,3090.0,
2025-07-01 07:30:00,30,optimal,2788.1113704141912,1.2159029000031296,0.003449268521651672,2,3090.0,3090.0,
2025-07-01 07:45:00,31,optimal,2786.5092677514044,1.1733124000020325,0.004020495680568171,2,3090.000000000003,3090.0,
2025-07-01 08:00:00,32,optimal,2781.649258164996,1.4464741999981925,0.0035094453639284255,0,3090.0,3090.0,
2025-07-01 08:15:00,33,optimal,2792.081905762817,1.2273983999912161,0.0030782813885655035,0,3090.0,3090.0,
2025-07-01 08:30:00,34,optimal,2807.703231017828,1.0950373000232503,0.0025937302311030757,0,3090.0000000000205,3090.0,
2025-07-01 08:45:00,35,optimal,2832.576893112352,1.2806907999911346,0.003988766931121619,0,3090.0,3090.0,
2025-07-01 09:00:00,36,optimal,2873.044564869902,1.3311491000058595,0.003048537624150548,2,3090.0,3090.0,
2025-07-01 09:15:00,37,optimal,2896.38435800308,0.7519184999982826,0.002131114367181213,2,3090.0,3090.0,
2025-07-01 09:30:00,38,optimal,2943.9756145935926,1.0603447000030428,0.0020393591866701183,2,3090.0,3090.0,
2025-07-01 09:45:00,39,optimal,2992.3676057412395,0.8248980999924242,0.0011765302418460552,2,3090.0,3090.0,
2025-07-01 10:00:00,40,optimal,3047.832505186809,0.8751690000062808,0.002184867333771174,2,3090.0,3090.0,
2025-07-01 10:15:00,41,optimal,3106.2707358292164,0.8838494000083301,0.0019060419015865776,2,3090.0,3090.0,
2025-07-01 10:30:00,42,optimal,3169.1861565081954,1.0179188000038266,0.0027667889627148627,2,3090.0,3090.0,
2025-07-01 10:45:00,43,optimal,3231.661234607611,1.0217783999978565,0.0031388846731887454,2,3090.0,3090.0,
2025-07-01 11:00:00,44,optimal,3271.7303900283496,1.9266237999836449,0.004161285823409382,2,3090.0,3090.0,
2025-07-01 11:15:00,45,optimal,3295.3291281391694,0.9990225000074133,0.004389581397060909,2,3090.000000000002,3090.0,
2025-07-01 11:30:00,46,optimal,3313.0766912483255,0.8816669000079855,0.004331040767801417,2,3090.0000000000005,3090.0,
2025-07-01 11:45:00,47,optimal,3334.162155357823,1.0313208000152372,0.004396616181522945,2,3090.0,3090.0,
2025-07-01 12:00:00,48,optimal,3357.8188809361295,0.9298590999969747,0.0048836653125591675,2,3090.0,3090.0,
2025-07-01 12:15:00,49,optimal,3352.0227351170183,3.2972952000272926,0.004989960739477233,2,3090.0,3090.0,
2025-07-01 12:30:00,50,optimal,3347.5183464233414,3.9387538000009954,0.004868812329274419,2,3090.000000000001,3090.0,
2025-07-01 12:45:00,51,optimal,3351.593363942114,1.763525699992897,0.004865842979833125,2,3090.0000000000005,3090.0,
2025-07-01 13:00:00,52,optimal,3358.6764647696864,3.057876999984728,0.0048793593664645946,2,3090.0,3090.0,
2025-07-01 13:15:00,53,optimal,3397.576154485181,3.241646100010257,0.0049120645711194615,2,3090.0,3090.0,
2025-07-01 13:30:00,54,optimal,3438.8370617755318,3.6026845000160392,0.004987376764002082,2,3090.0,3090.0,
2025-07-01 13:45:00,55,optimal,3478.8494427828546,3.754423100006534,0.004970411471524294,2,3090.0,3090.0,
2025-07-01 14:00:00,56,optimal,3521.2813403630266,3.939623999991454,0.004435170455380501,2,3090.0,3090.0,
2025-07-01 14:15:00,57,optimal,3544.8906035646746,3.389536600006977,0.00498898210631208,2,3090.0,3090.0,
2025-07-01 14:30:00,58,optimal,3573.2321445281827,3.0366421999933664,0.004775327687125368,2,3090.0,3090.0,
2025-07-01 14:45:00,59,optimal,3595.8823398554514,4.608336600009352,0.004934011855691097,2,3090.0,3090.0,
2025-07-01 15:00:00,60,optimal,3623.2951592673953,3.1161583999928553,0.004964283077122764,2,3090.0,3090.0,
2025-07-01 15:15:00,61,optimal,3652.550293881074,3.893835900002159,0.004506537738227809,2,3090.0,3090.0,
2025-07-01 15:30:00,62,optimal,3676.8907201271636,3.9630407999793533,0.004668884877447128,2,3090.0,3090.0,
2025-07-01 15:45:00,63,optimal,3705.7086430634213,3.9611579999909736,0.0049850365316598515,2,3090.000000000002,3090.0,
2025-07-01 16:00:00,64,optimal,3735.9064418077555,3.416174400015734,0.004785435022663617,2,3090.0,3090.0,
2025-07-01 16:15:00,65,optimal,3758.300607300564,3.459055500017712,0.004878421227759634,2,3090.0,3090.0,
2025-07-01 16:30:00,66,optimal,3782.0936418629585,3.0254898999992292,0.004995837728631844,2,3090.0,3090.0,
2025-07-01 16:45:00,67,optimal,3807.2752167427357,0.942123899993021,0.0044053385461817075,2,3090.0,3090.0,
2025-07-01 17:00:00,68,optimal,3833.9617693368264,2.077121200010879,0.0039810294105035015,0,3090.0,3090.0,
2025-07-01 17:15:00,69,optimal,3945.152583410778,0.8763401999894995,0.0034461585455380812,0,3090.0000000000005,3090.0,
2025-07-01 17:30:00,70,optimal,4073.3261607275135,0.9783737999969162,0.0025818986492853776,0,3090.0,3090.0,
2025-07-01 17:45:00,71,optimal,4205.556183989177,0.836176599987084,0.0023324584949425443,0,3090.0,3090.0,
2025-07-01 18:00:00,72,optimal,4335.174134116859,0.9272036000038497,0.0027222009375566254,0,3090.0,3090.0,
2025-07-01 18:15:00,73,optimal,4454.600984306563,0.7024345999816433,0.002202907482268183,2,3090.0,3090.0,
2025-07-01 18:30:00,74,optimal,4494.355478921998,1.2431223000166938,0.002785356202747058,2,3090.0,3090.0,
2025-07-01 18:45:00,75,optimal,4538.311360314261,0.8708425000077114,0.0018838610022441284,2,3090.0,3090.0,
2025-07-01 19:00:00,76,optimal,4588.886847636073,0.8143688999989536,0.0019574776152489243,-1,3090.0,3090.0,
2025-07-01 19:15:00,77,optimal,4788.010231451037,0.736717799998587,0.0009980082275909744,-1,3090.0000000001055,3090.0,
2025-07-01 19:30:00,78,optimal,4995.680054444215,0.7013318999961484,0.0014300585573154125,-1,3090.0,3090.0,
2025-07-01 19:45:00,79,optimal,5198.487955732237,0.47182360000442713,0.0005557581650499611,-1,3090.0,3090.0,
2025-07-01 20:00:00,80,optimal,5409.8447831071435,0.5344026999955531,0.0010281538518052966,-1,3090.0000000000005,3090.0,
2025-07-01 20:15:00,81,optimal,5622.767765689472,0.7953428000037093,0.0014402615660051008,-1,3090.0,3090.0,
2025-07-01 20:30:00,82,optimal,5829.309136430116,0.9096757999795955,0.0005077152372857116,-1,3090.000000000039,3090.0,
2025-07-01 20:45:00,83,optimal,6044.396842909492,0.6071160999999847,0.0009019117358752075,-1,3090.0,3090.0,
2025-07-01 21:00:00,84,optimal,6269.8000637776195,0.15389410001807846,0.002802615028381905,2,3090.0,3090.0,
2025-07-01 21:15:00,85,optimal,6318.292279731809,0.06801580000319518,0.002288721398020906,2,3090.0,3090.0,
2025-07-01 21:30:00,86,optimal,6372.550252766788,0.06631920000654645,0.0012885029896692818,2,3090.0,3090.0,
2025-07-01 21:45:00,87,optimal,6427.368829720343,0.06750850001117215,0.0003968617824180093,2,3090.0,3090.0,
2025-07-01 22:00:00,88,optimal,6676.630568797071,0.05855729998438619,0.0,2,3090.0,3090.0,
2025-07-01 22:15:00,89,optimal,7250.3748724864345,0.05964910000329837,0.0,2,3090.0,3090.0,
2025-07-01 22:30:00,90,optimal,8133.972455593556,0.05384040001081303,0.0,2,3090.0,3090.0,
2025-07-01 22:45:00,91,optimal,9319.433743798929,0.058045700017828494,0.0,2,3090.0,3090.0,
2025-07-01 23:00:00,92,optimal,10777.686793514145,0.054434899997431785,0.0,2,3090.0,3090.0,
2025-07-01 23:15:00,93,optimal,12470.12392857938,0.062661100004334,0.0,2,3090.0,3090.0,
2025-07-01 23:30:00,94,optimal,14427.856186663614,0.05594220000784844,0.0,2,3090.0,3090.0,
2025-07-01 23:45:00,95,optimal,16630.744619182584,0.057458900002529845,0.0,2,3090.0,3090.0,
2025-07-02 00:00:00,96,fallback,0.0,0.0,,2,0.0,3090.0,"valve positions must be in [0, 1]"
2025-07-02 00:15:00,97,optimal,23053.611687295972,0.058798200014280155,0.0,2,3090.0,3090.0,
2025-07-02 00:30:00,98,optimal,25570.069993969177,0.05978440001490526,0.0,2,3090.0,3090.0,
2025-07-02 00:45:00,99,optimal,28279.86733990497,0.05699470001854934,0.0,2,3090.0,3090.0,
2025-07-02 01:00:00,100,optimal,31088.09282619785,0.059405700012575835,0.0,2,3090.0,3090.0,
2025-07-02 01:15:00,101,optimal,34048.27831923538,0.05833980001625605,0.0,2,3090.0,3090.0,
2025-07-02 01:30:00,102,optimal,37130.74477570606,0.057965400017565116,0.0,2,3090.0,3090.0,
2025-07-02 01:45:00,103,optimal,40420.022197857405,0.059250199992675334,0.0,2,3090.0,3090.0,
2025-07-02 02:00:00,104,optimal,43925.355826502375,0.06079789999057539,0.0,2,3090.0,3090.0,
2025-07-02 02:15:00,105,optimal,47619.552107972966,0.05809700000099838,0.0,2,3090.0,3090.0,
2025-07-02 02:30:00,106,optimal,51406.423687055634,0.05618830001913011,0.0,2,3090.0,3090.0,
2025-07-02 02:45:00,107,optimal,55253.62422386369,0.05689510001684539,0.0,2,3090.0,3090.0,
2025-07-02 03:00:00,108,optimal,59133.58396936194,0.05829980000271462,0.0,2,3090.0,3090.0,
2025-07-02 03:15:00,109,optimal,62989.038309389085,0.05623009998816997,0.0,2,3090.0,3090.0,
2025-07-02 03:30:00,110,optimal,66827.85858859698,0.06022759998450056,0.0,2,3090.0,3090.0,
2025-07-02 03:45:00,111,optimal,70648.18154781408,0.06103459998848848,0.0,2,3090.0,3090.0,
2025-07-02 04:00:00,112,optimal,74395.98213476232,0.05969219998223707,0.0,2,3090.0,3090.0,
2025-07-02 04:15:00,113,optimal,78050.66559343517,0.05834370001684874,0.0,2,3090.0,3090.0,
2025-07-02 04:30:00,114,optimal,81584.76055269982,0.05955579999135807,0.0,2,3090.0,3090.0,
2025-07-02 04:45:00,115,optimal,84965.23635861825,0.05687550001312047,0.0,2,3090.0,3090.0,
2025-07-02 05:00:00,116,optimal,88178.81119651214,0.05988350001280196,0.0,2,3090.0,3090.0,
2025-07-02 05:15:00,117,optimal,91201.09421900443,0.0609485000022687,0.0,2,3090.0,3090.0,
2025-07-02 05:30:00,118,optimal,94003.98185044434,0.05846259999088943,0.0,2,3090.0,3090.0,
2025-07-02 05:45:00,119,optimal,96569.23078891545,0.05821190000278875,0.0,2,3090.0,3090.0,
2025-07-02 06:00:00,120,optimal,98870.3412341375,0.05813389999093488,0.0,2,3090.0,3090.0,
2025-07-02 06:15:00,121,optimal,100888.11083612479,0.0615504999877885,0.0,2,3090.0,3090.0,
2025-07-02 06:30:00,122,optimal,102603.68026016574,0.05977680001524277,0.0,2,3090.0,3090.0,
2025-07-02 06:45:00,123,optimal,104001.3847095374,0.06184939999366179,0.0,2,3090.0,3090.0,
2025-07-02 07:00:00,124,optimal,105068.47217322804,0.06020680000074208,0.0,2,3090.0,3090.0,
2025-07-02 07:15:00,125,optimal,105789.47224113072,0.0592015000001993,0.0,2,3090.0,3090.0,
2025-07-02 07:30:00,126,optimal,106151.47169351744,0.059980599995469674,0.0,2,3090.0,3090.0,
2025-07-02 07:45:00,127,optimal,106151.01526419012,0.05877860001055524,0.0,2,3090.0,3090.0,
2025-07-02 08:00:00,128,optimal,105779.50701173005,0.0569275000016205,0.0,2,3090.0,3090.0,
2025-07-02 08:15:00,129,optimal,104992.86909805101,0.05771480000112206,0.0,2,3090.0,3090.0,
2025-07-02 08:30:00,130,optimal,103825.36489885008,0.057183100027032197,0.0,2,3090.0,3090.0,
2025-07-02 08:45:00,131,optimal,102274.59720584512,0.057888500014087185,0.0,2,3090.0,3090.0,
2025-07-02 09:00:00,132,optimal,100369.96719896916,0.07492830001865514,3.514719336984712e-06,2,3090.0,3090.0,
2025-07-02 09:15:00,133,optimal,98793.68654187715,0.0761509999865666,4.488708107071157e-05,2,3090.0,3090.0,
2025-07-02 09:30:00,134,optimal,97934.5979324864,0.07415620001847856,8.729579071863825e-05,2,3090.0,3090.0,
2025-07-02 09:45:00,135,optimal,97723.72692905733,0.07219810000970028,0.00012869869534214596,2,3090.0,3090.0,
2025-07-02 10:00:00,136,optimal,97621.27577828297,0.07272710002143867,0.0001706554801825324,2,3090.0,3090.0,
2025-07-02 10:15:00,137,optimal,97503.43530714155,0.07631740000215359,0.0002114238140207167,2,3090.0,3090.0,
2025-07-02 10:30:00,138,optimal,97386.55539535424,0.07273580000037327,0.0002511750017326004,2,3090.0,3090.0,
2025-07-02 10:45:00,139,optimal,97270.79407886889,0.10761420000926591,0.00029003983155979153,2,3090.0,3090.0,
2025-07-02 11:00:00,140,optimal,97156.30565056822,0.07570390001637861,0.00032788566008107545,2,3090.0,3090.0,
2025-07-02 11:15:00,141,optimal,97077.96009307266,0.07439419999718666,0.0003466284772219067,2,3090.0,3090.0,
2025-07-02 11:30:00,142,optimal,97012.48678609099,0.0771627000067383,0.0005046072342282419,2,3090.0,3090.0,
2025-07-02 11:45:00,143,optimal,96957.8825668079,0.16883519999100827,0.0003320551910623682,2,3090.0,3090.0,
2025-07-02 12:00:00,144,optimal,96903.49191294963,0.10668399999849498,0.0008695222209858718,2,3090.0,3090.0,
2025-07-02 12:15:00,145,optimal,97057.51882326572,0.07499260001350194,0.002662320736964385,2,3090.0,3090.0,
2025-07-02 12:30:00,146,optimal,96863.48207444008,0.17085799999767914,0.0004814278416875498,2,3090.0,3090.0,
2025-07-02 12:45:00,147,optimal,96843.79707637888,0.17374759999802336,0.00048093489342596946,2,3090.0,3090.0,
2025-07-02 13:00:00,148,optimal,96824.3252169391,0.10680300000240095,0.000870233170427922,2,3090.0,3090.0,
2025-07-02 13:15:00,149,optimal,96944.62952287654,0.10908280001603998,0.0026652554052040115,2,3090.0,3090.0,
2025-07-02 13:30:00,150,optimal,96846.65790924017,0.07661859999643639,0.00220984198819572,2,3090.0,3090.0,
2025-07-02 13:45:00,151,optimal,96663.50942988707,0.06920179998269305,0.0008716809477144152,2,3090.0,3090.0,
2025-07-02 14:00:00,152,optimal,96610.32973475764,0.11013319998164661,0.0008721607693642692,2,3090.0,3090.0,
2025-07-02 14:15:00,153,optimal,96692.59540526682,0.07541640000999905,0.002286484274472029,2,3090.0,3090.0,
2025-07-02 14:30:00,154,optimal,96514.9257670943,0.16709559998707846,0.0005607612371729372,2,3090.0,3090.0,
2025-07-02 14:45:00,155,optimal,96467.22378326232,0.0692319999798201,0.0010867510269597328,2,3090.0,3090.0,
2025-07-02 15:00:00,156,optimal,96549.2778709873,0.1109230000001844,0.0025008020400854214,2,3090.0,3090.0,
2025-07-02 15:15:00,157,optimal,96469.9089833708,0.07257629997911863,0.0020340002644850114,2,3090.0,3090.0,
2025-07-02 15:30:00,158,optimal,96343.1513917734,0.07269000000087544,0.0009343067680859551,2,3090.0,3090.0,
2025-07-02 15:45:00,159,optimal,96307.70326994425,0.0723784000147134,0.0007649538570998487,2,3090.0,3090.0,
2025-07-02 16:00:00,160,optimal,96289.10887099804,0.10718449999694712,0.0007554664454289726,2,3090.0,3090.0,
2025-07-02 16:15:00,161,optimal,96276.27208515951,0.17597640000167303,0.00020819608408196945,2,3090.0,3090.0,
2025-07-02 16:30:00,162,optimal,96264.75991877021,0.09982120001222938,0.0007328566318298857,2,3090.0,3090.0,
2025-07-02 16:45:00,163,optimal,96254.54153466847,0.1798214000009466,0.00021662857569395067,2,3090.0,3090.0,
2025-07-02 17:00:00,164,optimal,96245.63249979177,0.06802279999828897,0.0007091983482212817,2,3090.0,3090.0,
2025-07-02 17:15:00,165,optimal,96201.7630803904,0.16437429998768494,9.030739668374983e-05,2,3090.0,3090.0,
2025-07-02 17:30:00,166,optimal,96222.74773347634,0.17314290002104826,0.00018691658127358335,2,3090.0,3090.0,
2025-07-02 17:45:00,167,optimal,96229.27404788863,0.0746688999934122,0.0004842898987192196,2,3090.0,3090.0,
2025-07-02 18:00:00,168,optimal,96247.44379412271,0.1676549999974668,2.339067729610489e-05,2,3090.0,3090.0,
2025-07-02 18:15:00,169,optimal,96276.34190112237,0.16259220000938512,0.0,2,3090.0,3090.0,
2025-07-02 18:30:00,170,optimal,96310.91192468518,0.17214709997642785,0.0,2,3090.0,3090.0,
2025-07-02 18:45:00,171,optimal,96347.91838987371,0.06845020002219826,0.0002585664782706707,2,3090.0,3090.0,
2025-07-02 19:00:00,172,optimal,96387.23211292936,0.0679385999974329,0.00020897859462284577,2,3090.0,3090.0,
2025-07-02 19:15:00,173,optimal,96431.93215362288,0.0649019000120461,0.00015708945474794927,2,3090.0,3090.0,
2025-07-02 19:30:00,174,optimal,96478.7169352289,0.06386039999779314,0.00010236335108462948,2,3090.0,3090.0,
2025-07-02 19:45:00,175,optimal,96527.73735786646,0.07047100001364015,4.4743473802686695e-05,2,3090.0,3090.0,
2025-07-02 20:00:00,176,optimal,96599.90363954462,0.05961990001378581,0.0,2,3090.0,3090.0,
2025-07-02 20:15:00,177,fallback,0.0,0.0,,2,0.0,3090.0,"valve positions must be in [0, 1]"
2025-07-02 20:30:00,178,optimal,98239.57041135222,0.06058079999638721,0.0,2,3090.0,3090.0,
2025-07-02 20:45:00,179,fallback,0.0,0.0,,2,0.0,3090.0,"valve positions must be in [0, 1]"
2025-07-02 21:00:00,180,optimal,101744.30920092628,0.05718549998709932,0.0,2,3090.0,3090.0,
2025-07-02 21:15:00,181,optimal,103452.70236229134,0.05465649999678135,0.0,2,3090.0,3090.0,
2025-07-02 21:30:00,182,optimal,105477.2181458244,0.05715569999301806,0.0,2,3090.0,3090.0,
2025-07-02 21:45:00,183,optimal,107753.15773305726,0.05979289999231696,0.0,2,3090.0,3090.0,
2025-07-02 22:00:00,184,optimal,110194.22885402484,0.06035210000118241,0.0,2,3090.0,3090.0,
2025-07-02 22:15:00,185,optimal,112763.82624572764,0.06055359999299981,0.0,2,3090.0,3090.0,
2025-07-02 22:30:00,186,optimal,115442.51860376171,0.05633810002473183,0.0,2,3090.0,3090.0,
2025-07-02 22:45:00,187,optimal,118251.45011931856,0.058463499997742474,0.0,2,3090.0,3090.0,
2025-07-02 23:00:00,188,optimal,121169.47122446696,0.06055310001829639,0.0,2,3090.0,3090.0,
2025-07-02 23:15:00,189,optimal,124288.47156708292,0.05990409999503754,0.0,2,3090.0,3090.0,
2025-07-02 23:30:00,190,optimal,127535.05308771746,0.05545200000051409,0.0,2,3090.0,3090.0,
2025-07-02 23:45:00,191,optimal,130754.19349512532,0.058809900016058236,0.0,2,3090.0,3090.0,
2025-07-03 00:00:00,192,optimal,133949.09098916216,0.05449660000158474,0.0,2,3090.0,3090.0,
2025-07-03 00:15:00,193,optimal,137118.70023513542,0.05558970000129193,0.0,2,3090.0,3090.0,
2025-07-03 00:30:00,194,optimal,140265.86706215978,0.06093540001893416,0.0,2,3090.0,3090.0,
2025-07-03 00:45:00,195,optimal,143392.0882557626,0.055841000023065135,0.0,2,3090.0,3090.0,
2025-07-03 01:00:00,196,optimal,146489.53405087488,0.05829380001523532,0.0,2,3090.0,3090.0,
2025-07-03 01:15:00,197,optimal,149566.324545831,0.0533092999830842,0.0,2,3090.0,3090.0,
2025-07-03 01:30:00,198,optimal,152626.25864005872,0.059271000005537644,0.0,2,3090.0,3090.0,
2025-07-03 01:45:00,199,optimal,155676.75518388354,0.0669913999736309,0.0,2,3090.0,3090.0,
2025-07-03 02:00:00,200,optimal,158712.78482573203,0.0531110999872908,0.0,2,3090.0,3090.0,
2025-07-03 02:15:00,201,optimal,161736.83993399312,0.053534200007561594,0.0,2,3090.0,3090.0,
2025-07-03 02:30:00,202,optimal,164751.69730711146,0.05947129998821765,0.0,2,3090.0,3090.0,
2025-07-03 02:45:00,203,optimal,167751.56964987578,0.05526540000573732,0.0,2,3090.0,3090.0,
2025-07-03 03:00:00,204,optimal,170742.66106699314,0.058210099989082664,0.0,2,3090.0,3090.0,
2025-07-03 03:15:00,205,optimal,173730.19937453285,0.05311670000082813,0.0,2,3090.0,3090.0,
2025-07-03 03:30:00,206,optimal,176702.22691243413,0.05741219999617897,0.0,2,3090.0,3090.0,
2025-07-03 03:45:00,207,optimal,179666.9248383562,0.05891469999914989,0.0,2,3090.0,3090.0,
2025-07-03 04:00:00,208,optimal,182614.94633844416,0.060075399989727885,0.0,2,3090.0,3090.0,
2025-07-03 04:15:00,209,optimal,185546.3852175938,0.05864019997534342,0.0,2,3090.0,3090.0,
2025-07-03 04:30:00,210,optimal,188460.39885827102,0.056526900007156655,0.0,2,3090.0,3090.0,
2025-07-03 04:45:00,211,optimal,191357.2535503833,0.05228590001934208,0.0,2,3090.0,3090.0,
2025-07-03 05:00:00,212,optimal,194237.8110383264,0.05510689999209717,0.0,2,3090.0,3090.0,
2025-07-03 05:15:00,213,optimal,197100.95357985812,0.055156300019007176,0.0,2,3090.0,3090.0,
2025-07-03 05:30:00,214,optimal,199947.8101441599,0.05480469999019988,0.0,2,3090.0,3090.0,
2025-07-03 05:45:00,215,optimal,202778.64183706898,0.05772670000442304,0.0,2,3090.0,3090.0,
2025-07-03 06:00:00,216,optimal,205590.7995230561,0.056597799994051456,0.0,2,3090.0,3090.0,
2025-07-03 06:15:00,217,optimal,208383.7240330408,0.054794800002127886,0.0,2,3090.0,3090.0,
2025-07-03 06:30:00,218,optimal,211160.93068885288,0.05608599999686703,0.0,2,3090.0,3090.0,
2025-07-03 06:45:00,219,optimal,213921.94333678257,0.05495970000629313,0.0,2,3090.0,3090.0,
2025-07-03 07:00:00,220,optimal,216666.28722676003,0.05962250000447966,0.0,2,3090.0,3090.0,
2025-07-03 07:15:00,221,optimal,219395.18518560453,0.05897250000271015,0.0,2,3090.0,3090.0,
2025-07-03 07:30:00,222,optimal,222108.72552036963,0.06059909999021329,0.0,2,3090.0,3090.0,
2025-07-03 07:45:00,223,optimal,224604.7028091915,0.06374030001461506,0.0,2,3090.0,3090.0,
2025-07-03 08:00:00,224,optimal,226857.21968767268,0.05464650000794791,0.0,2,3090.0,3090.0,
2025-07-03 08:15:00,225,optimal,228756.79535661146,0.05953220001538284,0.0,2,3090.0,3090.0,
2025-07-03 08:30:00,226,optimal,230260.4055195408,0.06093999999575317,0.0,2,3090.0,3090.0,
2025-07-03 08:45:00,227,optimal,231365.78047171285,0.057526799995684996,0.0,2,3090.0,3090.0,
2025-07-03 09:00:00,228,optimal,232072.4538522018,0.06082700000843033,0.0,2,3090.0,3090.0,
2025-07-03 09:15:00,229,optimal,232419.34977505472,0.056781899998895824,0.0,2,3090.0,3090.0,
2025-07-03 09:30:00,230,optimal,232372.02258745438,0.062247499998193234,0.0,2,3090.0,3090.0,
2025-07-03 09:45:00,231,optimal,231934.3087171713,0.06093259999761358,0.0,2,3090.0,3090.0,
2025-07-03 10:00:00,232,optimal,231113.42512319697,0.06125379999866709,0.0,2,3090.0,3090.0,
2025-07-03 10:15:00,233,optimal,229940.10013742323,0.05790210000122897,0.0,2,3090.0,3090.0,
2025-07-03 10:30:00,234,optimal,228402.70554852308,0.056960900023113936,0.0,2,3090.0,3090.0,
2025-07-03 10:45:00,235,optimal,226593.46952829414,0.07021810000878759,4.146587319692417e-06,2,3090.0,3090.0,
2025-07-03 11:00:00,236,optimal,225336.72813296146,0.07720129998051561,2.023334178647696e-05,2,3090.0,3090.0,
2025-07-03 11:15:00,237,optimal,224809.17362082063,0.07629520000773482,3.325235322918412e-05,2,3090.0,3090.0,
2025-07-03 11:30:00,238,optimal,224795.76629238343,0.07540789997437969,4.598706613367381e-05,2,3090.0,3090.0,
2025-07-03 11:45:00,239,optimal,224814.2531653025,0.07258520001778379,5.805359394900948e-05,2,3090.0,3090.0,
2025-07-03 12:00:00,240,optimal,224833.5570502012,0.11318460002075881,6.973257881393606e-05,2,3090.0,3090.0,
2025-07-03 12:15:00,241,optimal,224827.99835581696,0.17468019999796525,2.2324629822960663e-05,2,3090.0,3090.0,
2025-07-03 12:30:00,242,optimal,224834.08861720498,0.07237809998332523,0.00014237702290656112,2,3090.0,3090.0,
2025-07-03 12:45:00,243,optimal,224840.85058326685,0.07232490001479164,0.0001479091590200225,2,3090.0,3090.0,
2025-07-03 13:00:00,244,optimal,224849.0739867835,0.07136030000401661,0.00015280780227379287,2,3090.0,3090.0,
2025-07-03 13:15:00,245,optimal,224889.9836591823,0.16834179998841137,9.205577559333501e-05,2,3090.0,3090.0,
2025-07-03 13:30:00,246,optimal,225336.80908391162,0.0757638999784831,0.001956876374002174,2,3090.0,3090.0,
2025-07-03 13:45:00,247,optimal,224975.28138908977,0.10881429997971281,0.00016409017309997574,2,3090.0,3090.0,
2025-07-03 14:00:00,248,optimal,225019.72045741478,0.15600210000411607,8.916569222078496e-05,2,3090.0,3090.0,
2025-07-03 14:15:00,249,optimal,225036.07082346536,0.07599670000490732,0.000168523168890484,2,3090.0,3090.0,
2025-07-03 14:30:00,250,optimal,225053.67154292273,0.1509591000212822,9.866220112856096e-05,2,3090.0,3090.0,
2025-07-03 14:45:00,251,optimal,225072.5397070996,0.16190480001387186,9.89013281014372e-05,2,3090.0,3090.0,
2025-07-03 15:00:00,252,optimal,225180.5211994536,0.07099120001657866,0.0005602246172133719,2,3090.0,3090.0,
2025-07-03 15:15:00,253,optimal,225211.3593951717,0.07069739999133162,0.0006789280946237375,2,3090.0,3090.0,
2025-07-03 15:30:00,254,optimal,225101.83487560568,0.07025180000346154,0.00016803674456487204,2,3090.0,3090.0,
2025-07-03 15:45:00,255,optimal,225108.426232754,0.06948559999000281,0.00016614332091245508,2,3090.0,3090.0,
2025-07-03 16:00:00,256,optimal,225217.27851525566,0.07132970000384375,0.0006111963390307053,2,3090.0,3090.0,
2025-07-03 16:15:00,257,optimal,225119.9341903878,0.0712340000027325,0.00015973910595351302,2,3090.0,3090.0,
2025-07-03 16:30:00,258,optimal,225124.8984624656,0.14535679999971762,9.140226287206993e-05,2,3090.0,3090.0,
2025-07-03 16:45:00,259,optimal,225131.25616625513,0.06847970001399517,0.00015055965910216196,2,3090.0,3090.0,
2025-07-03 17:00:00,260,optimal,225139.01162195182,0.09828869998455048,0.0001449015564679378,2,3090.0,3090.0,
2025-07-03 17:15:00,261,optimal,225132.4058486436,0.07066430000122637,0.00010110499577363277,2,3090.0,3090.0,
2025-07-03 17:30:00,262,optimal,225149.88530259734,0.0667847000004258,7.881859331148842e-05,2,3090.0,3090.0,
2025-07-03 17:45:00,263,optimal,225172.58779467025,0.0731734000146389,6.205991331870441e-05,2,3090.0,3090.0,
2025-07-03 18:00:00,264,optimal,225198.54367923446,0.06877509999321774,4.666311244624612e-05,2,3090.0,3090.0,
2025-07-03 18:15:00,265,optimal,225233.36705941305,0.06564039998920634,2.9779039985151262e-05,2,3090.0,3090.0,
2025-07-03 18:30:00,266,optimal,225270.54658078557,0.06472240001312457,1.0770349829716309e-05,2,3090.0,3090.0,
2025-07-03 18:45:00,267,fallback,0.0,0.0,,2,0.0,3090.0,"valve positions must be in [0, 1]"
2025-07-03 19:00:00,268,fallback,0.0,0.0,,2,0.0,3090.0,"valve positions must be in [0, 1]"
2025-07-03 19:15:00,269,optimal,228001.93288221039,0.06002400000579655,0.0,2,3090.0,3090.0,
2025-07-03 19:30:00,270,optimal,228949.4743067762,0.06091599998762831,0.0,2,3090.0,3090.0,
2025-07-03 19:45:00,271,optimal,230200.13040659143,0.059607400005916134,0.0,2,3090.0,3090.0,
2025-07-03 20:00:00,272,optimal,231660.5759564556,0.057138899981509894,0.0,2,3090.0,3090.0,
2025-07-03 20:15:00,273,optimal,233240.18998360107,0.05432880000444129,0.0,2,3090.0,3090.0,
2025-07-03 20:30:00,274,optimal,234903.66679010028,0.05442340002628043,0.0,2,3090.0,3090.0,
2025-07-03 20:45:00,275,optimal,236763.40420116537,0.059015900013037026,0.0,2,3090.0,3090.0,
2025-07-03 21:00:00,276,optimal,238710.44188221515,0.05546219999087043,0.0,2,3090.0,3090.0,
2025-07-03 21:15:00,277,optimal,240735.69812360613,0.058858800010057166,0.0,2,3090.0,3090.0,
2025-07-03 21:30:00,278,optimal,242934.59294967935,0.05353790000663139,0.0,2,3090.0,3090.0,
2025-07-03 21:45:00,279,optimal,245291.1240670301,0.06072019998100586,0.0,2,3090.0,3090.0,
2025-07-03 22:00:00,280,optimal,247544.3384875134,0.0614419000048656,0.0,2,3090.0,3090.0,
2025-07-03 22:15:00,281,optimal,249696.23127745738,0.06004780001239851,0.0,2,3090.0,3090.0,
2025-07-03 22:30:00,282,optimal,251767.81740560665,0.05837210000026971,0.0,2,3090.0,3090.0,
2025-07-03 22:45:00,283,optimal,253826.05030961143,0.0586683000146877,0.0,2,3090.0,3090.0,
2025-07-03 23:00:00,284,optimal,255872.65476185986,0.05609399999957532,0.0,2,3090.0,3090.0,
2025-07-03 23:15:00,285,optimal,257909.10888826766,0.055553499987581745,0.0,2,3090.0,3090.0,
2025-07-03 23:30:00,286,optimal,259931.6286176162,0.05592290000640787,0.0,2,3090.0,3090.0,
2025-07-03 23:45:00,287,optimal,261940.4070057834,0.05311890001758002,0.0,2,3090.0,3090.0,
2025-07-04 00:00:00,288,optimal,263935.99503265525,0.05838689999654889,0.0,2,3090.0,3090.0,
2025-07-04 00:15:00,289,optimal,265920.9109733088,0.05592290000640787,0.0,2,3090.0,3090.0,
2025-07-04 00:30:00,290,optimal,267895.36762394937,0.05883500000345521,0.0,2,3090.0,3090.0,
2025-07-04 00:45:00,291,optimal,269858.40250439866,0.0539211000141222,0.0,2,3090.0,3090.0,
2025-07-04 01:00:00,292,optimal,271809.4331601361,0.05800340001587756,0.0,2,3090.0,3090.0,
2025-07-04 01:15:00,293,optimal,273750.8947905035,0.05255210000905208,0.0,2,3090.0,3090.0,
2025-07-04 01:30:00,294,optimal,275680.66190688364,0.05317940001259558,0.0,2,3090.0,3090.0,
2025-07-04 01:45:00,295,optimal,277603.255839858,0.06081409999751486,0.0,2,3090.0,3090.0,
2025-07-04 02:00:00,296,optimal,279520.4548865569,0.05434329999843612,0.0,2,3090.0,3090.0,
2025-07-04 02:15:00,297,optimal,281428.16382195585,0.05265960001270287,0.0,2,3090.0,3090.0,
2025-07-04 02:30:00,298,optimal,283334.5299375148,0.05174940000870265,0.0,2,3090.0,3090.0,
2025-07-04 02:45:00,299,optimal,285229.7041863197,0.05889210000168532,0.0,2,3090.0,3090.0,
2025-07-04 03:00:00,300,optimal,287113.98813236755,0.05895350000355393,0.0,2,3090.0,3090.0,
2025-07-04 03:15:00,301,optimal,288987.67298121593,0.05623020001803525,0.0,2,3090.0,3090.0,
2025-07-04 03:30:00,302,optimal,290850.8060626528,0.058331600012024865,0.0,2,3090.0,3090.0,
2025-07-04 03:45:00,303,optimal,292703.26196298,0.05354680001619272,0.0,2,3090.0,3090.0,
2025-07-04 04:00:00,304,optimal,294543.6148924357,0.0575012999761384,0.0,2,3090.0,3090.0,
2025-07-04 04:15:00,305,optimal,296373.61583666515,0.05783910001628101,0.0,2,3090.0,3090.0,
2025-07-04 04:30:00,306,optimal,298193.3230255871,0.06011180000496097,0.0,2,3090.0,3090.0,
2025-07-04 04:45:00,307,optimal,300002.7897337169,0.05786120000993833,0.0,2,3090.0,3090.0,
2025-07-04 05:00:00,308,optimal,301802.06810900517,0.0586405000067316,0.0,2,3090.0,3090.0,
2025-07-04 05:15:00,309,optimal,303591.5209084229,0.05317890000878833,0.0,2,3090.0,3090.0,
2025-07-04 05:30:00,310,optimal,305370.9096972759,0.057636600016849115,0.0,2,3090.0,3090.0,
2025-07-04 05:45:00,311,optimal,307140.2910856253,0.05606100001023151,0.0,2,3090.0,3090.0,
2025-07-04 06:00:00,312,optimal,308899.7213650805,0.05680959997698665,0.0,2,3090.0,3090.0,
2025-07-04 06:15:00,313,optimal,310650.3979892282,0.05651889997534454,0.0,2,3090.0,3090.0,
2025-07-04 06:30:00,314,optimal,312391.2343648201,0.05888340002275072,0.0,2,3090.0,3090.0,
2025-07-04 06:45:00,315,optimal,314122.28669613105,0.05976610002107918,0.0,2,3090.0,3090.0,
2025-07-04 07:00:00,316,optimal,315843.6100184094,0.0601238000090234,0.0,2,3090.0,3090.0,
2025-07-04 07:15:00,317,optimal,317555.7911098717,0.05745920000481419,0.0,2,3090.0,3090.0,
2025-07-04 07:30:00,318,optimal,319258.34177833115,0.055199400027049705,0.0,2,3090.0,3090.0,
2025-07-04 07:45:00,319,optimal,320951.32250897115,0.05953720002435148,0.0,2,3090.0,3090.0,
2025-07-04 08:00:00,320,optimal,322634.79137589043,0.055360799975460395,0.0,2,3090.0,3090.0,
2025-07-04 08:15:00,321,optimal,324331.41559832316,0.058364099997561425,0.0,2,3090.0,3090.0,
2025-07-04 08:30:00,322,optimal,326018.63466453244,0.05719110000063665,0.0,2,3090.0,3090.0,
2025-07-04 08:45:00,323,optimal,327696.49236213055,0.05853189999470487,0.0,2,3090.0,3090.0,
2025-07-04 09:00:00,324,optimal,329365.0447996327,0.055995100003201514,0.0,2,3090.0,3090.0,
2025-07-04 09:15:00,325,optimal,331002.91895971313,0.06185379999806173,0.0,2,3090.0,3090.0,
2025-07-04 09:30:00,326,optimal,332406.81857465225,0.05760470000677742,0.0,2,3090.0,3090.0,
2025-07-04 09:45:00,327,optimal,333535.3579836464,0.05944949999684468,0.0,2,3090.0,3090.0,
2025-07-04 10:00:00,328,optimal,334272.296474565,0.05497490000561811,0.0,2,3090.0,3090.0,
2025-07-04 10:15:00,329,optimal,334607.45991559594,0.062010099994949996,0.0,2,3090.0,3090.0,
2025-07-04 10:30:00,330,optimal,334569.5348837579,0.05663990002358332,0.0,2,3090.0,3090.0,
2025-07-04 10:45:00,331,optimal,334170.48212806,0.055956399999558926,0.0,2,3090.0,3090.0,
2025-07-04 11:00:00,332,optimal,333423.72648189496,0.05636739998590201,0.0,2,3090.0,3090.0,
2025-07-04 11:15:00,333,optimal,332329.26369025215,0.06076079999911599,0.0,2,3090.0,3090.0,
2025-07-04 11:30:00,334,optimal,330919.2277734564,0.062236900004791096,0.0,2,3090.0,3090.0,
2025-07-04 11:45:00,335,optimal,329210.7678450702,0.05678070001886226,0.0,2,3090.0,3090.0,
2025-07-04 12:00:00,336,optimal,327396.8432258186,0.0722908999887295,1.6441475304875982e-06,2,3090.0,3090.0,
2025-07-04 12:15:00,337,optimal,326555.0367247262,0.07567210000706837,6.462010788593055e-06,2,3090.0,3090.0,
2025-07-04 12:30:00,338,optimal,326445.20854731224,0.07503830001223832,1.1780129293915237e-05,2,3090.0,3090.0,
2025-07-04 12:45:00,339,optimal,326423.8110449563,0.06955770001513883,1.6448920158630686e-05,2,3090.0,3090.0,
2025-07-04 13:00:00,340,optimal,326403.8761487126,0.10434399999212474,1.9801745085069688e-05,2,3090.0,3090.0,
2025-07-04 13:15:00,341,optimal,326359.018407865,0.07272999998531304,2.277280866681741e-05,2,3090.0,3090.0,
2025-07-04 13:30:00,342,optimal,326315.29450522247,0.0728495999937877,2.5320300383010252e-05,2,3090.0,3090.0,
2025-07-04 13:45:00,343,optimal,326272.75139108207,0.07101580000016838,2.742103827499537e-05,2,3090.0,3090.0,
2025-07-04 14:00:00,344,optimal,326231.42177697865,0.07324769999831915,2.9135138497952522e-05,2,3090.0,3090.0,
2025-07-04 14:15:00,345,optimal,326214.62810436223,0.06897849999950267,3.0419803504310184e-05,2,3090.0,3090.0,
2025-07-04 14:30:00,346,optimal,326199.0863343854,0.07687270001042634,3.1242984393006674e-05,2,3090.0,3090.0,
2025-07-04 14:45:00,347,optimal,326184.8131833692,0.06974770000670105,3.156604923984962e-05,2,3090.0,3090.0,
2025-07-04 15:00:00,348,optimal,326171.8206852335,0.07336399998166598,3.1358830355700276e-05,2,3090.0,3090.0,
2025-07-04 15:15:00,349,optimal,326180.7677883502,0.07224059998407029,3.065601622213013e-05,2,3090.0,3090.0,
2025-07-04 15:30:00,350,optimal,326191.045256018,0.07506149998516776,2.9551427237707762e-05,2,3090.0,3090.0,
2025-07-04 15:45:00,351,optimal,326202.6771883036,0.0726153000141494,2.8148450408784256e-05,2,3090.0,3090.0,
2025-07-04 16:00:00,352,optimal,326215.67742010375,0.1662773999851197,5.528785794787388e-06,2,3090.0,3090.0,
2025-07-04 16:15:00,353,optimal,326233.5692020214,0.07326939998893067,2.4601829567385502e-05,2,3090.0,3090.0,
2025-07-04 16:30:00,354,optimal,326252.8495157589,0.06648839998524636,2.1781240636382528e-05,2,3090.0,3090.0,
2025-07-04 16:45:00,355,optimal,326273.5308033975,0.070218599983491,1.8404342416093535e-05,2,3090.0,3090.0,
2025-07-04 17:00:00,356,optimal,326295.61115073395,0.0710380999953486,1.4532599301315321e-05,2,3090.0,3090.0,
2025-07-04 17:15:00,357,optimal,326316.8094714044,0.0732103000045754,8.698181775256035e-06,2,3090.0,3090.0,
2025-07-04 17:30:00,358,optimal,326355.5697353994,0.06663280000793748,4.0777202320654575e-06,2,3090.0,3090.0,
2025-07-04 17:45:00,359,optimal,326533.90056867135,0.05775770000764169,0.0,2,3090.0,3090.0,
2025-07-04 18:00:00,360,optimal,326870.9691162945,0.05521620000945404,0.0,2,3090.0,3090.0,
2025-07-04 18:15:00,361,fallback,0.0,0.0,,2,0.0,3090.0,"valve positions must be in [0, 1]"
2025-07-04 18:30:00,362,optimal,328474.56025079696,0.056738800019957125,0.0,2,3090.0,3090.0,
2025-07-04 18:45:00,363,optimal,329508.9189096121,0.05790880002314225,0.0,2,3090.0,3090.0,
2025-07-04 19:00:00,364,optimal,330792.091657655,0.053559099993435666,0.0,2,3090.0,3090.0,
2025-07-04 19:15:00,365,optimal,332199.2011509714,0.05357809999259189,0.0,2,3090.0,3090.0,
2025-07-04 19:30:00,366,optimal,333749.24450472824,0.055494100000942126,0.0,2,3090.0,3090.0,
2025-07-04 19:45:00,367,optimal,335435.25788148656,0.05285599999479018,0.0,2,3090.0,3090.0,
2025-07-04 20:00:00,368,optimal,337164.5058584717,0.057442399993306026,0.0,2,3090.0,3090.0,
2025-07-04 20:15:00,369,optimal,338989.8925200583,0.05315950000658631,0.0,2,3090.0,3090.0,
2025-07-04 20:30:00,370,optimal,340620.70660979644,0.0565340000030119,0.0,2,3090.0,3090.0,
2025-07-04 20:45:00,371,optimal,342189.43169026944,0.05523290002020076,0.0,2,3090.0,3090.0,
2025-07-04 21:00:00,372,optimal,343630.86303012614,0.05459400001564063,0.0,2,3090.0,3090.0,
2025-07-04 21:15:00,373,optimal,345047.7257200333,0.055199599999468774,0.0,2,3090.0,3090.0,
2025-07-04 21:30:00,374,optimal,346358.81818861404,0.06008609998389147,0.0,2,3090.0,3090.0,
2025-07-04 21:45:00,375,optimal,347622.97338542115,0.06146629998693243,0.0,2,3090.0,3090.0,
2025-07-04 22:00:00,376,optimal,348885.61278441385,0.05951150000328198,0.0,2,3090.0,3090.0,
2025-07-04 22:15:00,377,optimal,350140.0780234344,0.05882370000472292,0.0,2,3090.0,3090.0,
2025-07-04 22:30:00,378,optimal,351389.1123160354,0.052916100015863776,0.0,2,3090.0,3090.0,
2025-07-04 22:45:00,379,optimal,352635.0547611167,0.05919729999732226,0.0,2,3090.0,3090.0,
2025-07-04 23:00:00,380,optimal,353873.2885152023,0.055297100014286116,0.0,2,3090.0,3090.0,
2025-07-04 23:15:00,381,optimal,355103.7902905266,0.05841480000526644,0.0,2,3090.0,3090.0,
2025-07-04 23:30:00,382,optimal,356327.8553390093,0.054313400003593415,0.0,2,3090.0,3090.0,
2025-07-04 23:45:00,383,optimal,357544.3745873827,0.05998110002838075,0.0,2,3090.0,3090.0,
2025-07-05 00:00:00,384,optimal,358753.92432030186,0.059399599995231256,0.0,2,3090.0,3090.0,
2025-07-05 00:15:00,385,optimal,359958.6468359249,0.06269829999655485,0.0,2,3090.0,3090.0,
2025-07-05 00:30:00,386,optimal,361156.45429662423,0.0522491000010632,0.0,2,3090.0,3090.0,
2025-07-05 00:45:00,387,optimal,362352.0900919738,0.05179869997664355,0.0,2,3090.0,3090.0,
2025-07-05 01:00:00,388,optimal,363540.9841544396,0.05779309998615645,0.0,2,3090.0,3090.0,
2025-07-05 01:15:00,389,optimal,364723.9594790787,0.06086849997518584,0.0,2,3090.0,3090.0,
2025-07-05 01:30:00,390,optimal,365902.78475934314,0.059458999981870875,0.0,2,3090.0,3090.0,
2025-07-05 01:45:00,391,optimal,367074.9791474059,0.056890000007115304,0.0,2,3090.0,3090.0,
2025-07-05 02:00:00,392,optimal,368240.57994203724,0.05215510001289658,0.0,2,3090.0,3090.0,
2025-07-05 02:15:00,393,optimal,369399.62423220277,0.0516312999825459,0.0,2,3090.0,3090.0,
2025-07-05 02:30:00,394,optimal,370552.1366080929,0.053845199989154935,0.0,2,3090.0,3090.0,
2025-07-05 02:45:00,395,optimal,371698.1637053462,0.05352020001737401,0.0,2,3090.0,3090.0,
2025-07-05 03:00:00,396,optimal,372837.7444001854,0.057721099990885705,0.0,2,3090.0,3090.0,
2025-07-05 03:15:00,397,optimal,373970.9149536075,0.054225899977609515,0.0,2,3090.0,3090.0,
2025-07-05 03:30:00,398,optimal,375097.71142266854,0.055575800011865795,0.0,2,3090.0,3090.0,
2025-07-05 03:45:00,399,optimal,376218.16503374197,0.057613099983427674,0.0,2,3090.0,3090.0,
2025-07-05 04:00:00,400,optimal,377332.30601063144,0.05836490000365302,0.0,2,3090.0,3090.0,
2025-07-05 04:15:00,401,optimal,378440.1799445269,0.056048300000838935,0.0,2,3090.0,3090.0,
2025-07-05 04:30:00,402,optimal,379541.8220875463,0.05341970000881702,0.0,2,3090.0,3090.0,
2025-07-05 04:45:00,403,optimal,380637.2674935123,0.052214900002582,0.0,2,3090.0,3090.0,
2025-07-05 05:00:00,404,optimal,381726.55101906805,0.054667700023856014,0.0,2,3090.0,3090.0,
2025-07-05 05:15:00,405,optimal,382809.6951833672,0.05378970000310801,0.0,2,3090.0,3090.0,
2025-07-05 05:30:00,406,optimal,383886.74581866467,0.05749370000557974,0.0,2,3090.0,3090.0,
2025-07-05 05:45:00,407,optimal,384957.7380539296,0.05712579999817535,0.0,2,3090.0,3090.0,
2025-07-05 06:00:00,408,optimal,386022.70596765546,0.05285579999326728,0.0,2,3090.0,3090.0,
2025-07-05 06:15:00,409,optimal,387082.9023166532,0.05226309999125078,0.0,2,3090.0,3090.0,
2025-07-05 06:30:00,410,optimal,388137.13141217426,0.054811300011351705,0.0,2,3090.0,3090.0,
2025-07-05 06:45:00,411,optimal,389185.4330917821,0.057937299978220835,0.0,2,3090.0,3090.0,
2025-07-05 07:00:00,412,optimal,390227.84494037397,0.05494199998793192,0.0,2,3090.0,3090.0,
2025-07-05 07:15:00,413,optimal,391266.81607826013,0.05603839998366311,0.0,2,3090.0,3090.0,
2025-07-05 07:30:00,414,optimal,392299.96345934586,0.05839459999697283,0.0,2,3090.0,3090.0,
2025-07-05 07:45:00,415,optimal,393327.31072590913,0.05957929999567568,0.0,2,3090.0,3090.0,
2025-07-05 08:00:00,416,optimal,394348.8939544005,0.05845260000205599,0.0,2,3090.0,3090.0,
2025-07-05 08:15:00,417,optimal,395380.1152080997,0.05580509998253547,0.0,2,3090.0,3090.0,
2025-07-05 08:30:00,418,optimal,396405.63276304596,0.05442120000952855,0.0,2,3090.0,3090.0,
2025-07-05 08:45:00,419,optimal,397425.48496280913,0.06050829999730922,0.0,2,3090.0,3090.0,
2025-07-05 09:00:00,420,optimal,398439.6947001012,0.05334390001371503,0.0,2,3090.0,3090.0,
2025-07-05 09:15:00,421,optimal,399419.9524666199,0.0545204000081867,0.0,2,3090.0,3090.0,
2025-07-05 09:30:00,422,optimal,400394.643644027,0.05734890000894666,0.0,2,3090.0,3090.0,
2025-07-05 09:45:00,423,optimal,401363.79954439274,0.05855149999842979,0.0,2,3090.0,3090.0,
2025-07-05 10:00:00,424,optimal,402327.45130364166,0.059156700008315966,0.0,2,3090.0,3090.0,
2025-07-05 10:15:00,425,optimal,403302.08915284055,0.05788820001180284,0.0,2,3090.0,3090.0,
2025-07-05 10:30:00,426,optimal,404201.5973318959,0.05901570001151413,0.0,2,3090.0,3090.0,
2025-07-05 10:45:00,427,optimal,404763.74356126244,0.05859410000266507,0.0,2,3090.0,3090.0,
2025-07-05 11:00:00,428,optimal,404984.39158274786,0.06243299998459406,0.0,2,3090.0,3090.0,
2025-07-05 11:15:00,429,optimal,404882.1345036145,0.06250800000270829,0.0,2,3090.0,3090.0,
2025-07-05 11:30:00,430,optimal,404459.410380279,0.0616405000037048,0.0,2,3090.0,3090.0,
2025-07-05 11:45:00,431,optimal,403733.00729978346,0.06251129999873228,0.0,2,3090.0,3090.0,
2025-07-05 12:00:00,432,optimal,402722.1469779573,0.058631800027797,0.0,2,3090.0,3090.0,
2025-07-05 12:15:00,433,optimal,401433.2833122244,0.05818990000989288,0.0,2,3090.0,3090.0,
2025-07-05 12:30:00,434,optimal,399902.06174548576,0.05924599998979829,0.0,2,3090.0,3090.0,
2025-07-05 12:45:00,435,optimal,398151.1840567061,0.061680000013438985,0.0,2,3090.0,3090.0,
2025-07-05 13:00:00,436,optimal,397153.53076402907,0.07367369998246431,9.789647007061236e-07,2,3090.0,3090.0,
2025-07-05 13:15:00,437,optimal,397172.4026984369,0.07755320001160726,3.226266774353358e-06,2,3090.0,3090.0,
2025-07-05 13:30:00,438,optimal,397192.46108422213,0.0769552000274416,5.271267164161332e-06,2,3090.0,3090.0,
2025-07-05 13:45:00,439,optimal,397213.69181007775,0.07365060001029633,6.979664242254589e-06,2,3090.0,3090.0,
2025-07-05 14:00:00,440,optimal,397236.1383308225,0.07625549999647774,8.330788513148482e-06,2,3090.0,3090.0,
2025-07-05 14:15:00,441,optimal,397216.2595482056,0.0754878000007011,9.317260237732228e-06,2,3090.0,3090.0,
2025-07-05 14:30:00,442,optimal,397197.63179240475,0.07418080000206828,9.892843865084284e-06,2,3090.0,3090.0,
2025-07-05 14:45:00,443,optimal,397180.27287086204,0.07344710000324994,1.0050393448317399e-05,2,3090.0,3090.0,
2025-07-05 15:00:00,444,optimal,397164.19530393626,0.07454200001666322,9.78597679558346e-06,2,3090.0,3090.0,
2025-07-05 15:15:00,445,optimal,397148.09625128435,0.07625179999740794,9.126785298271657e-06,2,3090.0,3090.0,
2025-07-05 15:30:00,446,optimal,397133.32754985424,0.07309800002258271,8.131630824290023e-06,2,3090.0,3090.0,
2025-07-05 15:45:00,447,optimal,397119.9125721433,0.07660640001995489,6.921984006098258e-06,2,3090.0,3090.0,
2025-07-05 16:00:00,448,optimal,397107.8735991066,0.07311970001319423,5.594973564415607e-06,2,3090.0,3090.0,
2025-07-05 16:15:00,449,optimal,397101.470591248,0.08264930002042092,4.015211869254007e-06,2,3090.0,3090.0,
2025-07-05 16:30:00,450,optimal,397096.45738633076,0.0730489999987185,2.2431395414477665e-06,2,3090.0,3090.0,
2025-07-05 16:45:00,451,optimal,397093.0174376703,0.0772970000107307,1.259024803310462e-07,2,3090.0,3090.0,
2025-07-05 17:00:00,452,optimal,397284.17318852886,0.0599274999985937,0.0,2,3090.0,3090.0,
2025-07-05 17:15:00,453,optimal,397527.2462952729,0.058163999987300485,0.0,2,3090.0,3090.0,
2025-07-05 17:30:00,454,optimal,397989.21529227844,0.05783299999893643,0.0,2,3090.0,3090.0,
2025-07-05 17:45:00,455,optimal,398563.2556095498,0.05747560001327656,0.0,2,3090.0,3090.0,
2025-07-05 18:00:00,456,optimal,399385.8791458433,0.062229699979070574,0.0,2,3090.0,3090.0,
2025-07-05 18:15:00,457,optimal,400388.394337254,0.05695290002040565,0.0,2,3090.0,3090.0,
2025-07-05 18:30:00,458,optimal,401647.96482096455,0.05574929999420419,0.0,2,3090.0,3090.0,
2025-07-05 18:45:00,459,optimal,403128.1917738369,0.05699780001305044,0.0,2,3090.0,3090.0,
2025-07-05 19:00:00,460,optimal,404650.5461444585,0.057457499991869554,0.0,2,3090.0,3090.0,
2025-07-05 19:15:00,461,optimal,406072.4511200225,0.05748809999204241,0.0,2,3090.0,3090.0,
2025-07-05 19:30:00,462,optimal,407366.3280556356,0.05355849998886697,0.0,2,3090.0,3090.0,
2025-07-05 19:45:00,463,optimal,408517.04238968744,0.058252899994840845,0.0,2,3090.0,3090.0,
2025-07-05 20:00:00,464,optimal,409609.8653200263,0.05915109999477863,0.0,2,3090.0,3090.0,
2025-07-05 20:15:00,465,optimal,410640.50108535466,0.06055600001127459,0.0,2,3090.0,3090.0,
2025-07-05 20:30:00,466,optimal,411539.0548889793,0.05852059999597259,0.0,2,3090.0,3090.0,
2025-07-05 20:45:00,467,optimal,412370.59899358585,0.05479150000610389,0.0,2,3090.0,3090.0,
2025-07-05 21:00:00,468,optimal,413135.3947279302,0.059487299993634224,0.0,2,3090.0,3090.0,
2025-07-05 21:15:00,469,optimal,413880.4620411085,0.053859900013776496,0.0,2,3090.0,3090.0,
2025-07-05 21:30:00,470,optimal,414628.5032099995,0.056027699989499524,0.0,2,3090.0,3090.0,
2025-07-05 21:45:00,471,optimal,415371.83568938466,0.060167099989484996,0.0,2,3090.0,3090.0,
2025-07-05 22:00:00,472,optimal,416115.2243020507,0.05741239999770187,0.0,2,3090.0,3090.0,
2025-07-05 22:15:00,473,optimal,416856.82682228624,0.05360450001899153,0.0,2,3090.0,3090.0,
2025-07-05 22:30:00,474,optimal,417598.45510058437,0.052387400006409734,0.0,2,3090.0,3090.0,
2025-07-05 22:45:00,475,optimal,418336.740957951,0.05366780000622384,0.0,2,3090.0,3090.0,
2025-07-05 23:00:00,476,optimal,419070.73488091194,0.05865990000893362,0.0,2,3090.0,3090.0,
2025-07-05 23:15:00,477,optimal,419800.457567694,0.05927309999242425,0.0,2,3090.0,3090.0,
2025-07-05 23:30:00,478,optimal,420525.94258062926,0.06008799999835901,0.0,2,3090.0,3090.0,
2025-07-05 23:45:00,479,optimal,421247.2140842228,0.058863299986114725,0.0,2,3090.0,3090.0,
2025-07-06 00:00:00,480,optimal,421964.29610524303,0.059999799996148795,0.0,2,3090.0,3090.0,
2025-07-06 00:15:00,481,optimal,422677.2125334761,0.0573220000078436,0.0,2,3090.0,3090.0,
2025-07-06 00:30:00,482,optimal,423385.9779779565,0.054131300013978034,0.0,2,3090.0,3090.0,
2025-07-06 00:45:00,483,optimal,424090.6156396377,0.05398659998900257,0.0,2,3090.0,3090.0,
2025-07-06 01:00:00,484,optimal,424794.4928735185,0.060722800000803545,0.0,2,3090.0,3090.0,
2025-07-06 01:15:00,485,optimal,425494.41079796833,0.055383300001267344,0.0,2,3090.0,3090.0,
2025-07-06 01:30:00,486,optimal,426190.39168408094,0.058312300010584295,0.0,2,3090.0,3090.0,
2025-07-06 01:45:00,487,optimal,426882.4576777246,0.05724140000529587,0.0,2,3090.0,3090.0,
2025-07-06 02:00:00,488,optimal,427570.6185100101,0.05367969998042099,0.0,2,3090.0,3090.0,
2025-07-06 02:15:00,489,optimal,428254.90604108723,0.058759700012160465,0.0,2,3090.0,3090.0,
2025-07-06 02:30:00,490,optimal,428935.34445480385,0.05961070000194013,0.0,2,3090.0,3090.0,
2025-07-06 02:45:00,491,optimal,429611.955402445,0.06142129999352619,0.0,2,3090.0,3090.0,
2025-07-06 03:00:00,492,optimal,430284.7565602067,0.0577163000125438,0.0,2,3090.0,3090.0,
2025-07-06 03:15:00,493,optimal,430953.7685550778,0.05708869997761212,0.0,2,3090.0,3090.0,
2025-07-06 03:30:00,494,optimal,431619.00727485545,0.05714349998743273,0.0,2,3090.0,3090.0,
2025-07-06 03:45:00,495,optimal,432280.50402683736,0.059642800013534725,0.0,2,3090.0,3090.0,
2025-07-06 04:00:00,496,optimal,432938.27985957946,0.05545460002031177,0.0,2,3090.0,3090.0,
2025-07-06 04:15:00,497,optimal,433592.35570326255,0.05468899998231791,0.0,2,3090.0,3090.0,
2025-07-06 04:30:00,498,optimal,434242.752370338,0.05709360001492314,0.0,2,3090.0,3090.0,
2025-07-06 04:45:00,499,optimal,434889.476674731,0.05914080000366084,0.0,2,3090.0,3090.0,
2025-07-06 05:00:00,500,optimal,435532.56230204826,0.05912900000112131,0.0,2,3090.0,3090.0,
2025-07-06 05:15:00,501,optimal,436171.69705843396,0.05220780000672676,0.0,2,3090.0,3090.0,
2025-07-06 05:30:00,502,optimal,436807.23144283047,0.05381599999964237,0.0,2,3090.0,3090.0,
2025-07-06 05:45:00,503,optimal,437439.18907200696,0.05335000000195578,0.0,2,3090.0,3090.0,
2025-07-06 06:00:00,504,optimal,438067.57955026696,0.06044790000305511,0.0,2,3090.0,3090.0,
2025-07-06 06:15:00,505,optimal,438690.2529096018,0.05455550001352094,0.0,2,3090.0,3090.0,
2025-07-06 06:30:00,506,optimal,439309.4096152766,0.059388099994976074,0.0,2,3090.0,3090.0,
2025-07-06 06:45:00,507,optimal,439925.0694484556,0.0539590000116732,0.0,2,3090.0,3090.0,
2025-07-06 07:00:00,508,optimal,440537.25207905023,0.05507579998811707,0.0,2,3090.0,3090.0,
2025-07-06 07:15:00,509,optimal,441141.55313492863,0.053399199998239055,0.0,2,3090.0,3090.0,
2025-07-06 07:30:00,510,optimal,441742.4103824401,0.05959800002165139,0.0,2,3090.0,3090.0,
2025-07-06 07:45:00,511,optimal,442339.848858569,0.05716719999327324,0.0,2,3090.0,3090.0,
2025-07-06 08:00:00,512,optimal,442933.8857853942,0.05456049999338575,0.0,2,3090.0,3090.0,
2025-07-06 08:15:00,513,optimal,443470.23616249725,0.06059350000577979,0.0,2,3090.0,3090.0,
2025-07-06 08:30:00,514,optimal,444003.2155626296,0.05512499998440035,0.0,2,3090.0,3090.0,
2025-07-06 08:45:00,515,optimal,444532.84732737415,0.05865849999827333,0.0,2,3090.0,3090.0,
2025-07-06 09:00:00,516,optimal,445059.15550017526,0.057804300013231114,0.0,2,3090.0,3090.0,
2025-07-06 09:15:00,517,optimal,445597.33046879637,0.057607199996709824,0.0,2,3090.0,3090.0,
2025-07-06 09:30:00,518,optimal,446132.2190881694,0.05998559997533448,0.0,2,3090.0,3090.0,
2025-07-06 09:45:00,519,optimal,446663.8280315832,0.059213000000454485,0.0,2,3090.0,3090.0,
2025-07-06 10:00:00,520,optimal,447192.1846269907,0.0611530999885872,0.0,2,3090.0,3090.0,
2025-07-06 10:15:00,521,optimal,447709.5831938293,0.05618790001608431,0.0,2,3090.0,3090.0,
2025-07-06 10:30:00,522,optimal,448223.768856892,0.06149289998575114,0.0,2,3090.0,3090.0,
2025-07-06 10:45:00,523,optimal,448734.75738619367,0.06175339999026619,0.0,2,3090.0,3090.0,
2025-07-06 11:00:00,524,optimal,449242.5532736718,0.06344559998251498,0.0,2,3090.0,3090.0,
2025-07-06 11:15:00,525,optimal,449619.17888616165,0.06122409997624345,0.0,2,3090.0,3090.0,
2025-07-06 11:30:00,526,optimal,449700.0939412982,0.06169219998992048,0.0,2,3090.0,3090.0,
2025-07-06 11:45:00,527,optimal,449475.80865553627,0.06623060000129044,0.0,2,3090.0,3090.0,
2025-07-06 12:00:00,528,optimal,448963.9996769987,0.06563110000570305,0.0,2,3090.0,3090.0,
2025-07-06 12:15:00,529,optimal,448199.84780045477,0.06295990000944585,0.0,2,3090.0,3090.0,
2025-07-06 12:30:00,530,optimal,447190.2736202249,0.060137499996926636,0.0,2,3090.0,3090.0,
2025-07-06 12:45:00,531,optimal,445957.99792466516,0.06607079997775145,0.0,2,3090.0,3090.0,
2025-07-06 13:00:00,532,optimal,444526.71344558377,0.0697119000251405,0.0,2,3090.0,3090.0,
2025-07-06 13:15:00,533,optimal,442896.37870693265,0.06700740000815131,0.0,2,3090.0,3090.0,
2025-07-06 13:30:00,534,optimal,441690.58245342347,0.06433279998600483,0.0,2,3090.0,3090.0,
2025-07-06 13:45:00,535,optimal,441522.8886128708,0.07845289999386296,1.9461013010035486e-07,2,3090.0,3090.0,
2025-07-06 14:00:00,536,optimal,441480.32918994455,0.08021439998992719,1.4198387164636379e-06,2,3090.0,3090.0,
2025-07-06 14:15:00,537,optimal,441472.3776216279,0.0787488000059966,2.3738898620999974e-06,2,3090.0,3090.0,
2025-07-06 14:30:00,538,optimal,441465.6783212852,0.07682190000195988,3.004901569538964e-06,2,3090.0,3090.0,
2025-07-06 14:45:00,539,optimal,441460.24716027075,0.08189240001956932,3.2978140435043783e-06,2,3090.0,3090.0,
2025-07-06 15:00:00,540,optimal,441456.09665213706,0.07367969999904744,3.214261121280353e-06,2,3090.0,3090.0,
2025-07-06 15:15:00,541,optimal,441451.0673852478,0.0753194999997504,2.773223243042232e-06,2,3090.0,3090.0,
2025-07-06 15:30:00,542,optimal,441447.3678889785,0.07769720000214875,2.0173701078028153e-06,2,3090.0,3090.0,
2025-07-06 15:45:00,543,optimal,441445.013451261,0.09054149998701178,1.0192316845215341e-06,2,3090.0,3090.0,
2025-07-06 16:00:00,544,optimal,441450.8150130371,0.06435699999565259,0.0,2,3090.0,3090.0,
2025-07-06 16:15:00,545,optimal,441596.85784151853,0.06241159999626689,0.0,2,3090.0,3090.0,
2025-07-06 16:30:00,546,optimal,441776.2674009543,0.059905200003413484,0.0,2,3090.0,3090.0,
2025-07-06 16:45:00,547,optimal,442051.0990991208,0.06126340001355857,0.0,2,3090.0,3090.0,
2025-07-06 17:00:00,548,optimal,442472.9098043477,0.06061849999241531,0.0,2,3090.0,3090.0,
2025-07-06 17:15:00,549,optimal,442982.3630216603,0.061025000002700835,0.0,2,3090.0,3090.0,
2025-07-06 17:30:00,550,optimal,443707.7130924103,0.06368629998178221,0.0,2,3090.0,3090.0,
2025-07-06 17:45:00,551,optimal,444559.25940313755,0.061694800009718165,0.0,2,3090.0,3090.0,
2025-07-06 18:00:00,552,optimal,445651.6948808809,0.05559309999807738,0.0,2,3090.0,3090.0,
2025-07-06 18:15:00,553,optimal,446893.46004845155,0.0556339000177104,0.0,2,3090.0,3090.0,
2025-07-06 18:30:00,554,optimal,448121.9605176738,0.05869209999218583,0.0,2,3090.0,3090.0,
2025-07-06 18:45:00,555,optimal,449244.1842554988,0.06015609999303706,0.0,2,3090.0,3090.0,
2025-07-06 19:00:00,556,optimal,450231.88570116356,0.05514060001587495,0.0,2,3090.0,3090.0,
2025-07-06 19:15:00,557,optimal,451134.55984547385,0.06118569997488521,0.0,2,3090.0,3090.0,
2025-07-06 19:30:00,558,optimal,451910.19161845784,0.05626270000357181,0.0,2,3090.0,3090.0,
2025-07-06 19:45:00,559,optimal,452635.48659062973,0.060988200013525784,0.0,2,3090.0,3090.0,
2025-07-06 20:00:00,560,optimal,453275.7784764219,0.0604491000121925,0.0,2,3090.0,3090.0,
2025-07-06 20:15:00,561,optimal,453856.37142714846,0.05978750000940636,0.0,2,3090.0,3090.0,
2025-07-06 20:30:00,562,optimal,454334.50322585995,0.05947939999168739,0.0,2,3090.0,3090.0,
2025-07-06 20:45:00,563,optimal,454771.2748511699,0.05455450000590645,0.0,2,3090.0,3090.0,
2025-07-06 21:00:00,564,optimal,455212.6892448519,0.0602911000023596,0.0,2,3090.0,3090.0,
2025-07-06 21:15:00,565,optimal,455650.9188554871,0.06016839999938384,0.0,2,3090.0,3090.0,
2025-07-06 21:30:00,566,optimal,456087.1687214791,0.05484950001118705,0.0,2,3090.0,3090.0,
2025-07-06 21:45:00,567,optimal,456525.1410393037,0.05850529999588616,0.0,2,3090.0,3090.0,
2025-07-06 22:00:00,568,optimal,456962.4345770402,0.05993390001822263,0.0,2,3090.0,3090.0,
2025-07-06 22:15:00,569,optimal,457396.86805468635,0.055123700003605336,0.0,2,3090.0,3090.0,
2025-07-06 22:30:00,570,optimal,457828.45934593555,0.056207000016001984,0.0,2,3090.0,3090.0,
2025-07-06 22:45:00,571,optimal,458257.2261060534,0.057307699986267835,0.0,2,3090.0,3090.0,
2025-07-06 23:00:00,572,optimal,458683.1852033072,0.05705020000459626,0.0,2,3090.0,3090.0,
2025-07-06 23:15:00,573,optimal,459111.56012229074,0.05918320000637323,0.0,2,3090.0,3090.0,
2025-07-06 23:30:00,574,optimal,459538.2501802211,0.059798400005092844,0.0,2,3090.0,3090.0,
2025-07-06 23:45:00,575,optimal,459962.3945626906,0.05816210000193678,0.0,2,3090.0,3090.0,
2025-07-07 00:00:00,576,optimal,460384.02211268415,0.05852089999825694,0.0,2,3090.0,3090.0,
2025-07-07 00:15:00,577,optimal,460803.1473062125,0.06242929998552427,0.0,2,3090.0,3090.0,
2025-07-07 00:30:00,578,optimal,461220.2520925412,0.05931149999378249,0.0,2,3090.0,3090.0,
2025-07-07 00:45:00,579,optimal,461637.78196501906,0.05560559997684322,0.0,2,3090.0,3090.0,
2025-07-07 01:00:00,580,optimal,462052.96323196683,0.05893249998916872,0.0,2,3090.0,3090.0,
2025-07-07 01:15:00,581,optimal,462465.8091042993,0.059092899988172576,0.0,2,3090.0,3090.0,
2025-07-07 01:30:00,582,optimal,462876.32028088596,0.05347949999850243,0.0,2,3090.0,3090.0,
2025-07-07 01:45:00,583,optimal,463284.5171733718,0.06014760001562536,0.0,2,3090.0,3090.0,
2025-07-07 02:00:00,584,optimal,463690.4144836935,0.055940399994142354,0.0,2,3090.0,3090.0,
2025-07-07 02:15:00,585,optimal,464094.028621646,0.058441200002562255,0.0,2,3090.0,3090.0,
2025-07-07 02:30:00,586,optimal,464495.3724300748,0.054059999994933605,0.0,2,3090.0,3090.0,
2025-07-07 02:45:00,587,optimal,464894.45390409045,0.05493230000138283,0.0,2,3090.0,3090.0,
2025-07-07 03:00:00,588,optimal,465291.28060901124,0.060303500009467825,0.0,2,3090.0,3090.0,
2025-07-07 03:15:00,589,optimal,465685.87210492545,0.05999159999191761,0.0,2,3090.0,3090.0,
2025-07-07 03:30:00,590,optimal,466078.24091300875,0.05877659999532625,0.0,2,3090.0,3090.0,
2025-07-07 03:45:00,591,optimal,466468.4026465427,0.058955399988917634,0.0,2,3090.0,3090.0,
2025-07-07 04:00:00,592,optimal,466856.3697203214,0.06031780000193976,0.0,2,3090.0,3090.0,
2025-07-07 04:15:00,593,optimal,467242.14045016473,0.05874589999439195,0.0,2,3090.0,3090.0,
2025-07-07 04:30:00,594,optimal,467625.740513685,0.053328300011344254,0.0,2,3090.0,3090.0,
2025-07-07 04:45:00,595,optimal,468007.1808894848,0.05462629999965429,0.0,2,3090.0,3090.0,
2025-07-07 05:00:00,596,optimal,468386.47164509835,0.05991630000062287,0.0,2,3090.0,3090.0,
2025-07-07 05:15:00,597,optimal,468763.71023520315,0.06271019999985583,0.0,2,3090.0,3090.0,
2025-07-07 05:30:00,598,optimal,469138.8166530687,0.05894960000296123,0.0,2,3090.0,3090.0,
2025-07-07 05:45:00,599,optimal,469511.8094586798,0.05325500000617467,0.0,2,3090.0,3090.0,
2025-07-07 06:00:00,600,optimal,469882.7046373179,0.05623909999849275,0.0,2,3090.0,3090.0,
2025-07-07 06:15:00,601,optimal,470251.88547814614,0.05911339999875054,0.0,2,3090.0,3090.0,
2025-07-07 06:30:00,602,optimal,470618.98689189675,0.05622559998300858,0.0,2,3090.0,3090.0,
2025-07-07 06:45:00,603,optimal,470984.0162336625,0.05562200001440942,0.0,2,3090.0,3090.0,
2025-07-07 07:00:00,604,optimal,471346.98931402917,0.06210860001738183,0.0,2,3090.0,3090.0,
2025-07-07 07:15:00,605,optimal,471709.49400302325,0.055002200009766966,0.0,2,3090.0,3090.0,
2025-07-07 07:30:00,606,optimal,472069.9709860029,0.054692900012014434,0.0,2,3090.0,3090.0,
2025-07-07 07:45:00,607,optimal,472428.4316688111,0.060139200009871274,0.0,2,3090.0,3090.0,
2025-07-07 08:00:00,608,optimal,472784.876049016,0.05798859999049455,0.0,2,3090.0,3090.0,
2025-07-07 08:15:00,609,optimal,473158.4084271997,0.05595989999710582,0.0,2,3090.0,3090.0,
2025-07-07 08:30:00,610,optimal,473529.95845327276,0.055375500000081956,0.0,2,3090.0,3090.0,
2025-07-07 08:45:00,611,optimal,473899.53727795946,0.057732699991902336,0.0,2,3090.0,3090.0,
2025-07-07 09:00:00,612,optimal,474267.1559892771,0.059019100008299574,0.0,2,3090.0,3090.0,
2025-07-07 09:15:00,613,optimal,474638.22396010073,0.06409260001964867,0.0,2,3090.0,3090.0,
2025-07-07 09:30:00,614,optimal,475007.3436564707,0.056415700004436076,0.0,2,3090.0,3090.0,
2025-07-07 09:45:00,615,optimal,475374.53153518995,0.05778730000020005,0.0,2,3090.0,3090.0,
2025-07-07 10:00:00,616,optimal,475739.7998811735,0.06200970002100803,0.0,2,3090.0,3090.0,
2025-07-07 10:15:00,617,optimal,476117.7641213392,0.07424069999251515,0.0,2,3090.0,3090.0,
2025-07-07 10:30:00,618,optimal,476493.8198576361,0.06114459998207167,0.0,2,3090.0,3090.0,
2025-07-07 10:45:00,619,optimal,476867.99156396143,0.06321849999949336,0.0,2,3090.0,3090.0,
2025-07-07 11:00:00,620,optimal,477240.2898379877,0.058511000010184944,0.0,2,3090.0,3090.0,
2025-07-07 11:15:00,621,optimal,477590.6100077725,0.058737599989399314,0.0,2,3090.0,3090.0,
2025-07-07 11:30:00,622,optimal,477939.07001582836,0.05813249998027459,0.0,2,3090.0,3090.0,
2025-07-07 11:45:00,623,optimal,478066.6698965258,0.06240229998365976,0.0,2,3090.0,3090.0,
2025-07-07 12:00:00,624,optimal,477926.5283143237,0.06328379997285083,0.0,2,3090.0,3090.0,
2025-07-07 12:15:00,625,optimal,477509.24793410813,0.05659720001858659,0.0,2,3090.0,3090.0,
2025-07-07 12:30:00,626,optimal,476844.73427461245,0.059747999999672174,0.0,2,3090.0,3090.0,
2025-07-07 12:45:00,627,optimal,475955.70448016305,0.05819400001200847,0.0,2,3090.0,3090.0,
2025-07-07 13:00:00,628,optimal,474865.87424913363,0.05921840001246892,0.0,2,3090.0,3090.0,
2025-07-07 13:15:00,629,optimal,473615.5745374744,0.06137840001611039,0.0,2,3090.0,3090.0,
2025-07-07 13:30:00,630,optimal,472214.3868862094,0.06071150000207126,0.0,2,3090.0,3090.0,
2025-07-07 13:45:00,631,optimal,470856.41288908524,0.060910899977898225,0.0,2,3090.0,3090.0,
2025-07-07 14:00:00,632,optimal,470540.20585384575,0.07028769998578355,0.0,2,3090.0,3090.0,
2025-07-07 14:15:00,633,optimal,470415.7971924147,0.06270239999867044,0.0,2,3090.0,3090.0,
2025-07-07 14:30:00,634,optimal,470368.74375707004,0.061142099992139265,0.0,2,3090.0,3090.0,
2025-07-07 14:45:00,635,optimal,470348.9175119702,0.058386099990457296,0.0,2,3090.0,3090.0,
2025-07-07 15:00:00,636,optimal,470356.54058295017,0.058826299995416775,0.0,2,3090.0,3090.0,
2025-07-07 15:15:00,637,optimal,470396.42120198446,0.06326970001100563,0.0,2,3090.0,3090.0,
2025-07-07 15:30:00,638,optimal,470464.13979757077,0.06186989997513592,0.0,2,3090.0,3090.0,
2025-07-07 15:45:00,639,optimal,470560.14027982694,0.05806549999397248,0.0,2,3090.0,3090.0,
2025-07-07 16:00:00,640,optimal,470684.76763010956,0.06042680001701228,0.0,2,3090.0,3090.0,
2025-07-07 16:15:00,641,optimal,470894.97165444767,0.059847199998330325,0.0,2,3090.0,3090.0,
2025-07-07 16:30:00,642,optimal,471200.40243310924,0.056364099989878014,0.0,2,3090.0,3090.0,
2025-07-07 16:45:00,643,optimal,471566.14500516787,0.059368799993535504,0.0,2,3090.0,3090.0,
2025-07-07 17:00:00,644,optimal,472106.4334425051,0.05951580000692047,0.0,2,3090.0,3090.0,
2025-07-07 17:15:00,645,optimal,472773.3074034693,0.06069129999377765,0.0,2,3090.0,3090.0,
2025-07-07 17:30:00,646,optimal,473597.1177962515,0.059579200024018064,0.0,2,3090.0,3090.0,
2025-07-07 17:45:00,647,optimal,474603.12105712795,0.05573949997778982,0.0,2,3090.0,3090.0,
2025-07-07 18:00:00,648,optimal,475701.152598136,0.05804759997408837,0.0,2,3090.0,3090.0,
2025-07-07 18:15:00,649,optimal,476708.9680081428,0.05611279999720864,0.0,2,3090.0,3090.0,
2025-07-07 18:30:00,650,optimal,477600.97385051445,0.059500499977730215,0.0,2,3090.0,3090.0,
2025-07-07 18:45:00,651,optimal,478382.71860598365,0.05812240001978353,0.0,2,3090.0,3090.0,
2025-07-07 19:00:00,652,optimal,479064.9682027236,0.05636809999123216,0.0,2,3090.0,3090.0,
2025-07-07 19:15:00,653,optimal,479649.6119324901,0.055425900005502626,0.0,2,3090.0,3090.0,
2025-07-07 19:30:00,654,optimal,480184.48959529365,0.057763999997405335,0.0,2,3090.0,3090.0,
2025-07-07 19:45:00,655,optimal,480634.41761248064,0.05741219999617897,0.0,2,3090.0,3090.0,
2025-07-07 20:00:00,656,optimal,481027.2265133911,0.06018139998195693,0.0,2,3090.0,3090.0,
2025-07-07 20:15:00,657,optimal,481318.5913323135,0.05792530000326224,0.0,2,3090.0,3090.0,
2025-07-07 20:30:00,658,optimal,481569.7365744432,0.06379120002384298,0.0,2,3090.0,3090.0,
2025-07-07 20:45:00,659,optimal,481826.5156793235,0.06317109998781234,0.0,2,3090.0,3090.0,
2025-07-07 21:00:00,660,optimal,482081.1481364118,0.05726659999345429,0.0,2,3090.0,3090.0,
2025-07-07 21:15:00,661,optimal,482334.87033429707,0.06076659998507239,0.0,2,3090.0,3090.0,
2025-07-07 21:30:00,662,optimal,482591.3350934903,0.05611990002216771,0.0,2,3090.0,3090.0,
2025-07-07 21:45:00,663,optimal,482848.1067261158,0.06442650000099093,0.0,2,3090.0,3090.0,
2025-07-07 22:00:00,664,optimal,483103.03985998454,0.05841559998225421,0.0,2,3090.0,3090.0,
2025-07-07 22:15:00,665,optimal,483356.1411790169,0.06515750000835396,0.0,2,3090.0,3090.0,
2025-07-07 22:30:00,666,optimal,483607.41708867496,0.059924200002569705,0.0,2,3090.0,3090.0,
2025-07-07 22:45:00,667,optimal,483856.877908752,0.06545330001972616,0.0,2,3090.0,3090.0,
2025-07-07 23:00:00,668,optimal,484109.86432752875,0.059573000005912036,0.0,2,3090.0,3090.0,
2025-07-07 23:15:00,669,optimal,484362.04441416083,0.06120529997861013,0.0,2,3090.0,3090.0,
2025-07-07 23:30:00,670,optimal,484612.65727624623,0.05662680001114495,0.0,2,3090.0,3090.0,
2025-07-07 23:45:00,671,optimal,484861.7294206416,0.057112100010272115,0.0,2,3090.0,3090.0,
