step,simulation_step,timestamp,soc,tes_avg_temp_c,tes_set_echo,tes_use_avail_echo,tes_source_avail_echo,chiller_avail_echo,tes_use_side_kw,tes_source_side_kw,tes_tank_temp_c,zone_temp_c,outdoor_drybulb_c,outdoor_wetbulb_c,chiller_electricity_kw,chiller_cooling_kw,facility_electricity_kw,purchased_electricity_kw,pv_kw,grid_import_kw,pv_adjusted_cost,price_per_kwh,tes_set_command,controller,price_per_kwh_action,pv_kw_action,soc_action,tes_set,q_tes_net_kw_th_pred,q_chiller_kw_th_pred,solver_status,solver_time_s,fallback,fallback_reason,tes_set_written
0,142,2024-01-02 11:30:00,1.0,6.113256085759422,0.0,0.0,0.0,1.0,0.0,0.0,6.114453592700443,24.592516500048188,6.075,0.6218635592783951,0.0,0.0,7195.9076559020505,7195.9076559020505,0.0,7195.9076559020505,52.17033050528987,0.029,0.0,rbc,0.029,0.0,1.0,0.0,0.0,0.0,not_used,0.0,False,,0.0
1,143,2024-01-02 11:45:00,1.0,6.1140544240195025,0.0,0.0,0.0,1.0,0.0,0.0,6.115251941068113,24.593322822132237,6.2,0.5840112608701508,0.0,0.0,7191.672187910984,7191.672187910984,0.0,7191.672187910984,52.139623362354634,0.029,0.0,rbc,0.029,0.0,1.0,0.0,0.0,0.0,not_used,0.0,False,,0.0
2,144,2024-01-02 12:00:00,1.0,6.1148527697654735,0.0,0.0,0.0,1.0,0.0,0.0,6.116050290018414,24.594064661902895,6.65,0.8208223662979949,0.0,0.0,7220.36447226992,7220.364472269918,258.42,6961.94447226992,50.47409742395692,0.029,0.0,rbc,0.029,258.42,1.0,0.0,0.0,0.0,not_used,0.0,False,,0.0
3,145,2024-01-02 12:15:00,1.0,6.115651118409943,0.0,0.0,0.0,1.0,0.0,0.0,6.116848636765351,24.59642942873418,7.1,1.0516422008807484,0.0,0.0,7255.7972661485965,7255.797266148595,0.0,7255.7972661485965,52.604530179577324,0.029,0.0,rbc,0.029,0.0,1.0,0.0,0.0,0.0,not_used,0.0,False,,0.0
4,146,2024-01-02 12:30:00,1.0,6.116449466251034,0.0,0.0,0.0,1.0,0.0,0.0,6.117647051427962,24.657857978629366,7.55,1.2763388334190886,0.0,0.0,7236.431830486431,7236.431830486432,0.0,7236.431830486431,52.464130771026625,0.029,0.0,rbc,0.029,0.0,1.0,0.0,0.0,0.0,not_used,0.0,False,,0.0
5,147,2024-01-02 12:45:00,1.0,6.117247846983769,0.0,0.0,0.0,1.0,0.0,0.0,6.11844808586887,24.799926682196514,8.0,1.4947750578768417,0.0,0.0,7210.89073195301,7210.89073195301,0.0,7210.89073195301,52.27895780665933,0.029,0.0,rbc,0.029,0.0,1.0,0.0,0.0,0.0,not_used,0.0,False,,0.0
6,148,2024-01-02 13:00:00,1.0,6.118047571522184,0.0,0.0,0.0,1.0,0.0,0.0,6.119255224056239,24.966027744697833,8.25,1.6523147340447815,0.0,0.0,7206.646417872696,7206.646417872695,189.3,7017.346417872695,145.60993817085844,0.083,0.0,rbc,0.083,189.3,1.0,0.0,0.0,0.0,not_used,0.0,False,,0.0
7,149,2024-01-02 13:15:00,1.0,6.118851657881585,0.0,0.0,0.0,1.0,0.0,0.0,6.120069504056559,25.14738048705314,8.5,1.8089470780802173,669.6196666393807,2226.930178639976,8921.490853374456,8921.490853374455,0.0,8921.490853374456,64.68080868696481,0.029,0.0,rbc,0.029,0.0,1.0,0.0,0.0,0.0,not_used,0.0,False,,0.0
8,150,2024-01-02 13:30:00,1.0,6.119662367001527,0.0,0.0,0.0,1.0,0.0,0.0,6.120891584520997,25.212372403687308,8.75,1.9646700896424094,800.7094499003526,2662.8907828443434,9054.472016380965,9054.472016380965,0.0,9054.472016380965,65.644922118762,0.029,0.0,rbc,0.029,0.0,1.0,0.0,0.0,0.0,not_used,0.0,False,,0.0
9,151,2024-01-02 13:45:00,1.0,6.120480547235493,0.0,0.0,0.0,1.0,0.0,0.0,6.121716437715076,25.23003148183063,9.0,2.119475440788934,890.7996127520938,2962.5004156677137,9145.19622569841,9145.196225698412,0.0,9145.19622569841,66.30267263631347,0.029,0.0,rbc,0.029,0.0,1.0,0.0,0.0,0.0,not_used,0.0,False,,0.0
10,152,2024-01-02 14:00:00,1.0,6.121304014107656,0.0,0.0,0.0,1.0,0.0,0.0,6.122542018491352,25.235138135433356,9.15,2.242842100063941,964.5479554471341,3207.7626416063595,9219.119631471754,9219.119631471753,307.86,8911.259631471754,184.9086373530389,0.083,0.0,rbc,0.083,307.86,1.0,0.0,0.0,0.0,not_used,0.0,False,,0.0
11,153,2024-01-02 14:15:00,1.0,6.122129231089614,0.0,0.0,0.0,1.0,0.0,0.0,6.123367784487439,25.236746604285134,9.3,2.366123912822236,1030.5250392065768,3427.180269615912,9285.144326711976,9285.144326711974,0.0,9285.144326711976,67.31729636866183,0.029,0.0,rbc,0.029,0.0,1.0,0.0,0.0,0.0,not_used,0.0,False,,0.0
12,154,2024-01-02 14:30:00,1.0,6.122954904463445,0.0,0.0,0.0,1.0,0.0,0.0,6.124193584552419,25.237288190601305,9.45,2.4893150971239573,1093.3107292938382,3635.984393819387,9347.943874630704,9347.943874630702,0.0,9347.943874630704,67.77259309107261,0.029,0.0,rbc,0.029,0.0,1.0,0.0,0.0,0.0,not_used,0.0,False,,0.0
13,155,2024-01-02 14:45:00,1.0,6.123780687491243,0.0,0.0,0.0,1.0,0.0,0.0,6.1250193725954425,25.237452392920247,9.6,2.6124181038551417,1154.774036176039,3840.390715488396,9409.411634203529,9409.411634203529,0.0,9409.411634203529,68.21823434797558,0.029,0.0,rbc,0.029,0.0,1.0,0.0,0.0,0.0,not_used,0.0,False,,0.0
14,156,2024-01-02 15:00:00,1.0,6.124606481522743,0.0,0.0,0.0,1.0,0.0,0.0,6.125845132309191,25.237439936430924,9.7,2.5405933932013514,1158.0423485867793,3851.2600251925574,9412.681531408154,9412.681531408152,93.72,9318.961531408155,193.3684517767192,0.083,0.0,rbc,0.083,93.72,1.0,0.0,0.0,0.0,not_used,0.0,False,,0.0
15,157,2024-01-02 15:15:00,1.0,6.1254322554045295,0.0,0.0,0.0,1.0,0.0,0.0,6.126670856062248,25.237325732822885,9.8,2.4661981946758518,1136.2652928853745,3778.83684982979,9390.904989631805,9390.904989631805,0.0,9390.904989631805,68.0840611748306,0.029,0.0,rbc,0.029,0.0,1.0,0.0,0.0,0.0,not_used,0.0,False,,0.0
16,158,2024-01-02 15:30:00,1.0,6.1262579971387785,0.0,0.0,0.0,1.0,0.0,0.0,6.1274965394601075,25.237127511349755,9.9,2.389185840563285,1104.452570292883,3673.038415979318,9359.092301977387,9359.092301977387,0.0,9359.092301977387,67.85341918933607,0.029,0.0,rbc,0.029,0.0,1.0,0.0,0.0,0.0,not_used,0.0,False,,0.0
17,159,2024-01-02 15:45:00,1.0,6.127083700756214,0.0,0.0,0.0,1.0,0.0,0.0,6.128322178868931,25.23684937037385,10.0,2.3095091409082866,1068.0821338955984,3552.0825563196017,9322.721622811021,9322.721622811021,0.0,9322.721622811021,67.58973176537991,0.029,0.0,rbc,0.029,0.0,1.0,0.0,0.0,0.0,not_used,0.0,False,,0.0
18,160,2024-01-02 16:00:00,1.0,6.127909362144047,0.0,0.0,0.0,1.0,0.0,0.0,6.129147770848665,25.23646440383916,9.75,2.4234363573911333,1087.0110269153436,3615.0336989069647,9341.65004293333,9341.65004293333,26.28,9315.37004293333,193.2939283908666,0.083,0.0,rbc,0.083,26.28,1.0,0.0,0.0,0.0,not_used,0.0,False,,0.0
19,161,2024-01-02 16:15:00,1.0,6.128734977843006,0.0,0.0,0.0,1.0,0.0,0.0,6.1299733107803505,25.236008423022078,9.5,2.527970802827744,1126.5168997495498,3746.416967396578,9381.154845923385,9381.154845923385,0.0,9381.154845923385,68.01337263294455,0.029,0.0,rbc,0.029,0.0,1.0,0.0,0.0,0.0,not_used,0.0,False,,0.0
20,162,2024-01-02 16:30:00,1.0,6.1295605437936,0.0,0.0,0.0,1.0,0.0,0.0,6.1307987955968315,25.2354998050968,9.25,2.6233979214223253,1170.7919784480769,3893.6610132745036,9425.428577051889,9425.428577051889,0.0,9425.428577051889,68.3343571836262,0.029,0.0,rbc,0.029,0.0,1.0,0.0,0.0,0.0,not_used,0.0,False,,0.0
21,163,2024-01-02 16:45:00,1.0,6.130386056168576,0.0,0.0,0.0,1.0,0.0,0.0,6.131624223034365,25.234948672768958,9.0,2.7099961947611817,1214.085272761867,4037.639973934336,9468.72034211435,9468.720342114348,0.0,9468.72034211435,68.64822248032904,0.029,0.0,rbc,0.029,0.0,1.0,0.0,0.0,0.0,not_used,0.0,False,,0.0
22,164,2024-01-02 17:00:00,1.0,6.131211512263666,0.5,1.0,0.0,0.0,2701.26393514768,0.0,6.546312247587149,25.03161905240659,8.75,2.417691517676255,0.0,0.0,7104.300397567878,7104.300397567876,0.0,7104.300397567878,280.61986570393117,0.158,0.5,rbc,0.158,0.0,1.0,0.5,0.0,0.0,not_used,0.0,False,,0.5
23,165,2024-01-02 17:15:00,1.0,6.349061112538464,0.0,1.0,0.0,0.0,964.5765426581538,0.0,6.69491742657136,25.123675175759303,8.5,2.127946797850147,0.0,0.0,7159.7231780873,7159.7231780873,0.0,7159.7231780873,51.907993041132926,0.029,0.0,rbc,0.029,0.0,1.0,0.0,0.0,0.0,not_used,0.0,False,,0.0
24,166,2024-01-02 17:30:00,1.0,6.6242317215340085,0.0,0.0,0.0,1.0,0.0,0.0,6.6957138174090645,25.200138296199746,8.25,1.840743679121912,787.2449275091248,2618.1123022413426,9040.775805398125,9040.775805398125,0.0,9040.775805398125,65.54562458913641,0.029,0.0,rbc,0.029,0.0,1.0,0.0,0.0,0.0,not_used,0.0,False,,0.0
25,167,2024-01-02 17:45:00,0.995250351804531,6.695315624881849,0.0,0.0,0.0,1.0,0.0,0.0,6.696513478389914,25.223568571157077,8.0,1.55606381458665,725.9968145463189,2414.4216432943776,8980.293964257626,8980.293964257624,0.0,8980.293964257626,65.10713124086779,0.029,0.0,rbc,0.029,0.0,0.995250351804531,0.0,0.0,0.0,not_used,0.0,False,,0.0
26,168,2024-01-02 18:00:00,0.9951006283715031,6.696113650779888,0.5,1.0,0.0,0.0,112.82994106385627,0.0,6.714604525044397,25.252025250988392,7.25,1.1963342883461126,0.0,0.0,7249.435408952663,7249.435408952662,0.0,7249.435408952663,286.3526986536302,0.158,0.5,rbc,0.158,0.0,0.9951006283715031,0.5,0.0,0.0,not_used,0.0,False,,0.5
27,169,2024-01-02 18:15:00,0.9932459061399349,6.705999320274147,0.0,1.0,0.0,0.0,-897.8624972794879,0.0,6.577813467175158,25.222383260716864,6.5,0.8195801905627865,0.0,0.0,7317.15812378207,7317.15812378207,0.0,7317.15812378207,53.04939639742001,0.029,0.0,rbc,0.029,0.0,0.9932459061399349,0.0,0.0,0.0,not_used,0.0,False,,0.0
28,170,2024-01-02 18:30:00,1.0,6.642879631817941,0.0,0.0,0.0,1.0,0.0,0.0,6.5786118493608186,24.69232799313085,5.75,0.4264296428307089,0.0,0.0,7225.88616886679,7225.88616886679,0.0,7225.88616886679,52.38767472428423,0.029,0.0,rbc,0.029,0.0,1.0,0.0,0.0,0.0,not_used,0.0,False,,0.0
29,171,2024-01-02 18:45:00,1.0,6.578414081638908,0.0,0.0,0.0,1.0,0.0,0.0,6.579394591792177,24.620962380195895,5.0,0.017474188127158098,0.0,0.0,7148.411583069066,7148.411583069067,0.0,7148.411583069066,51.82598397725073,0.029,0.0,rbc,0.029,0.0,1.0,0.0,0.0,0.0,not_used,0.0,False,,0.0
30,172,2024-01-02 19:00:00,1.0,6.579003223376306,0.5,1.0,0.0,0.0,0.0,0.0,6.5801742167269275,24.59928739637113,5.0,0.21653058502083197,0.0,0.0,7158.078991734767,7158.078991734767,0.0,7158.078991734767,340.00875210740145,0.19,0.5,rbc,0.19,0.0,1.0,0.5,0.0,0.0,not_used,0.0,False,,0.5
31,173,2024-01-02 19:15:00,1.0,6.5797844070657225,0.0,1.0,0.0,0.0,0.0,0.0,6.580952871564143,24.592345172561014,5.0,0.4145175756522574,0.0,0.0,7174.638235474174,7174.638235474174,0.0,7174.638235474174,52.016127207187765,0.029,0.0,rbc,0.029,0.0,1.0,0.0,0.0,0.0,not_used,0.0,False,,0.0
32,174,2024-01-02 19:30:00,1.0,6.580563546949494,0.0,0.0,0.0,1.0,0.0,0.0,6.581731192987675,24.589497227315672,5.0,0.6114385857771828,0.0,0.0,7194.938799056272,7194.938799056272,0.0,7194.938799056272,52.16330629315797,0.029,0.0,rbc,0.029,0.0,1.0,0.0,0.0,0.0,not_used,0.0,False,,0.0
33,175,2024-01-02 19:45:00,1.0,6.5813420350784835,0.0,0.0,0.0,1.0,0.0,0.0,6.582509357936644,24.58821829827253,5.0,0.8072998670663233,0.0,0.0,7218.537203116534,7218.537203116535,0.0,7218.537203116534,52.33439472259488,0.029,0.0,rbc,0.029,0.0,1.0,0.0,0.0,0.0,not_used,0.0,False,,0.0
34,176,2024-01-02 20:00:00,1.0,6.582120278243983,0.5,1.0,0.0,0.0,0.0,0.0,6.583287434219184,24.587456931778846,4.8,0.518742562535989,0.0,0.0,7184.473502578342,7184.473502578341,0.0,7184.473502578342,341.26249137247123,0.19,0.5,rbc,0.19,0.0,1.0,0.5,0.0,0.0,not_used,0.0,False,,0.5
35,177,2024-01-02 20:15:00,1.0,6.582898398899453,0.0,1.0,0.0,0.0,0.0,0.0,6.584065444204359,24.586892011093745,4.6,0.23273761692151862,0.0,0.0,7156.770287283985,7156.770287283985,0.0,7156.770287283985,51.886584582808894,0.029,0.0,rbc,0.029,0.0,1.0,0.0,0.0,0.0,not_used,0.0,False,,0.0
36,178,2024-01-02 20:30:00,1.0,6.583676442034427,0.0,0.0,0.0,1.0,0.0,0.0,6.584843396383949,24.586415468450284,4.4,-0.36318926117945444,0.0,0.0,7113.032109952435,7113.0321099524335,0.0,7113.032109952435,51.56948279715516,0.029,0.0,rbc,0.029,0.0,1.0,0.0,0.0,0.0,not_used,0.0,False,,0.0
37,179,2024-01-02 20:45:00,1.0,6.584454423090991,0.0,0.0,0.0,1.0,0.0,0.0,6.585621294579461,24.58598652558506,4.2,-0.6377204950952952,0.0,0.0,7097.54332220064,7097.54332220064,0.0,7097.54332220064,51.457189085954646,0.029,0.0,rbc,0.029,0.0,1.0,0.0,0.0,0.0,not_used,0.0,False,,0.0
38,180,2024-01-02 21:00:00,1.0,6.585232348282902,0.5,1.0,0.0,0.0,0.0,0.0,6.5863991408501015,24.585609650503645,4.1000000000000005,-0.5689397390099692,0.0,0.0,7101.186709095825,7101.186709095826,0.0,7101.186709095825,280.4968750092851,0.158,0.5,rbc,0.158,0.0,1.0,0.5,0.0,0.0,not_used,0.0,False,,0.5
39,181,2024-01-02 21:15:00,1.0,6.586010220529974,0.0,1.0,0.0,0.0,0.0,0.0,6.5871769374480635,24.58527622368123,4.0,-0.5015890466553257,0.0,0.0,7104.895239148216,7104.895239148214,0.0,7104.895239148216,51.51049048382457,0.029,0.0,rbc,0.029,0.0,1.0,0.0,0.0,0.0,not_used,0.0,False,,0.0
40,182,2024-01-02 21:30:00,1.0,6.586788041955497,0.0,0.0,0.0,1.0,0.0,0.0,6.587954686252974,24.58498317879364,3.8999999999999995,-0.4356461851689672,0.0,0.0,7108.667798458982,7108.6677984589805,0.0,7108.667798458982,51.53784153882763,0.029,0.0,rbc,0.029,0.0,1.0,0.0,0.0,0.0,not_used,0.0,False,,0.0
41,183,2024-01-02 21:45:00,1.0,6.587565814640533,0.0,0.0,0.0,1.0,0.0,0.0,6.588732389011874,24.584726998931746,3.8,-0.37109567904044993,0.0,0.0,7112.5030275001445,7112.503027500142,0.0,7112.5030275001445,51.56564694937605,0.029,0.0,rbc,0.029,0.0,1.0,0.0,0.0,0.0,not_used,0.0,False,,0.0
42,184,2024-01-02 22:00:00,1.0,6.588343540411058,0.0,0.0,0.0,1.0,0.0,0.0,6.589510047319756,24.58449759965348,3.6499999999999995,-0.2820878603590211,0.0,0.0,7118.037595262032,7118.037595262032,0.0,7118.037595262032,147.69928010168715,0.083,0.0,rbc,0.083,0.0,1.0,0.0,0.0,0.0,not_used,0.0,False,,0.0
43,185,2024-01-02 22:15:00,1.0,6.5891212209498375,0.0,0.0,0.0,1.0,0.0,0.0,6.5902876623357685,24.584293930448943,3.5,0.04744201561355238,0.0,0.0,7141.323025713242,7141.32302571324,0.0,7141.323025713242,51.774591936421004,0.029,0.0,rbc,0.029,0.0,1.0,0.0,0.0,0.0,not_used,0.0,False,,0.0
44,186,2024-01-02 22:30:00,1.0,6.589898857644653,0.0,0.0,0.0,1.0,0.0,0.0,6.591065235173616,24.584115885562493,3.3500000000000005,0.11605082698422882,0.0,0.0,7146.791112541062,7146.791112541062,0.0,7146.791112541062,51.8142355659227,0.029,0.0,rbc,0.029,0.0,1.0,0.0,0.0,0.0,not_used,0.0,False,,0.0
45,187,2024-01-02 22:45:00,1.0,6.5906764515472664,0.0,0.0,0.0,1.0,0.0,0.0,6.591842766942381,24.583956643831975,3.2,0.1807632711273731,0.0,0.0,7152.168220015081,7152.168220015081,0.0,7152.168220015081,51.85321959510934,0.029,0.0,rbc,0.029,0.0,1.0,0.0,0.0,0.0,not_used,0.0,False,,0.0
46,188,2024-01-02 23:00:00,1.0,6.5914540038690275,0.0,0.0,0.0,1.0,0.0,0.0,6.592620258456346,24.583820320444115,3.1250000000000004,0.07099461191425917,0.0,0.0,7143.157958101697,7143.157958101695,0.0,7143.157958101697,148.2205276306102,0.083,0.0,rbc,0.083,0.0,1.0,0.0,0.0,0.0,not_used,0.0,False,,0.0
47,189,2024-01-02 23:15:00,1.0,6.592231515486605,0.0,0.0,0.0,1.0,0.0,0.0,6.593397710707581,24.583699839529615,3.05,-0.25395460495370475,0.0,0.0,7119.821640317514,7119.821640317513,0.0,7119.821640317514,51.61870689230198,0.029,0.0,rbc,0.029,0.0,1.0,0.0,0.0,0.0,not_used,0.0,False,,0.0
48,190,2024-01-02 23:30:00,1.0,6.593008987401113,0.0,0.0,0.0,1.0,0.0,0.0,6.59417512438235,24.583590454747778,2.9749999999999996,-0.3602624427160445,0.0,0.0,7113.126892252181,7113.12689225218,0.0,7113.126892252181,51.57016996882832,0.029,0.0,rbc,0.029,0.0,1.0,0.0,0.0,0.0,not_used,0.0,False,,0.0
49,191,2024-01-02 23:45:00,1.0,6.593786420365939,0.0,0.0,0.0,1.0,0.0,0.0,6.5949524999617815,24.583488547628605,2.9,-0.4661639167962876,0.0,0.0,7106.856528404749,7106.856528404747,0.0,7106.856528404749,51.524709830934434,0.029,0.0,rbc,0.029,0.0,1.0,0.0,0.0,0.0,not_used,0.0,False,,0.0
50,192,2024-01-03 00:00:00,1.0,6.594563814969377,0.0,0.0,0.0,1.0,0.0,0.0,6.595729837770623,24.58337308623785,2.675,-0.65475764667674,0.0,0.0,7096.590013148813,7096.590013148813,0.0,7096.590013148813,51.4502775953289,0.029,0.0,rbc,0.029,0.0,1.0,0.0,0.0,0.0,not_used,0.0,False,,0.0
51,193,2024-01-03 00:15:00,1.0,6.595341171663832,0.0,0.0,0.0,1.0,0.0,0.0,6.5965071372247515,24.58325016306902,2.45,-0.8435853401994047,0.0,0.0,7087.33810395346,7087.338103953458,0.0,7087.33810395346,51.383201253662584,0.029,0.0,rbc,0.029,0.0,1.0,0.0,0.0,0.0,not_used,0.0,False,,0.0
52,194,2024-01-03 00:30:00,1.0,6.596118490275581,0.0,0.0,0.0,1.0,0.0,0.0,6.597284398003346,24.583120536857248,2.225,-1.0326459548170825,0.0,0.0,7078.97285134751,7078.972851347509,0.0,7078.97285134751,51.32255317226945,0.029,0.0,rbc,0.029,0.0,1.0,0.0,0.0,0.0,not_used,0.0,False,,0.0
53,195,2024-01-03 00:45:00,1.0,6.596895770394419,0.0,0.0,0.0,1.0,0.0,0.0,6.598061619818385,24.582983780495745,2.0,-1.2219402789647673,0.0,0.0,7071.391624886058,7071.391624886057,0.0,7071.391624886058,51.26758928042392,0.029,0.0,rbc,0.029,0.0,1.0,0.0,0.0,0.0,not_used,0.0,False,,0.0
54,196,2024-01-03 01:00:00,1.0,6.597673011713804,0.0,0.0,0.0,1.0,0.0,0.0,6.598838802363403,24.582873542964798,2.025,-1.0484006388605904,0.0,0.0,7078.306797843091,7078.306797843091,0.0,7078.306797843091,51.31772428436241,0.029,0.0,rbc,0.029,0.0,1.0,0.0,0.0,0.0,not_used,0.0,False,,0.0
55,197,2024-01-03 01:15:00,1.0,6.598450213888306,0.0,0.0,0.0,1.0,0.0,0.0,6.59961594678602,24.58278119082964,2.05,-0.8753137644966409,0.0,0.0,7085.862775044769,7085.862775044768,0.0,7085.862775044769,51.372505119074575,0.029,0.0,rbc,0.029,0.0,1.0,0.0,0.0,0.0,not_used,0.0,False,,0.0
56,198,2024-01-03 01:30:00,1.0,6.5992273773826815,0.0,0.0,0.0,1.0,0.0,0.0,6.600393053860735,24.58270661101934,2.075,-0.7026811473822282,0.0,0.0,7094.134381517595,7094.134381517595,0.0,7094.134381517595,51.432474266002565,0.029,0.0,rbc,0.029,0.0,1.0,0.0,0.0,0.0,not_used,0.0,False,,0.0
57,199,2024-01-03 01:45:00,1.0,6.600004503119488,0.0,0.0,0.0,1.0,0.0,0.0,6.601170124357122,24.58265218970575,2.1,-0.5305070033018727,0.0,0.0,7103.207035199821,7103.207035199821,0.0,7103.207035199821,51.4982510051987,0.029,0.0,rbc,0.029,0.0,1.0,0.0,0.0,0.0,not_used,0.0,False,,0.0
58,200,2024-01-03 02:00:00,1.0,6.600781591922167,0.0,0.0,0.0,1.0,0.0,0.0,6.601947159147844,24.582614708884265,2.125,-0.7739034957602298,0.0,0.0,7090.624107857945,7090.624107857945,0.0,7090.624107857945,51.40702478197011,0.029,0.0,rbc,0.029,0.0,1.0,0.0,0.0,0.0,not_used,0.0,False,,0.0
59,201,2024-01-03 02:15:00,1.0,6.601558644570812,0.0,0.0,0.0,1.0,0.0,0.0,6.602724158966463,24.58259454762636,2.1500000000000004,-1.019196606327188,0.0,0.0,7079.527702387705,7079.527702387706,0.0,7079.527702387705,51.32657584231087,0.029,0.0,rbc,0.029,0.0,1.0,0.0,0.0,0.0,not_used,0.0,False,,0.0
60,202,2024-01-03 02:30:00,1.0,6.6023356618744,0.0,0.0,0.0,1.0,0.0,0.0,6.603501124562889,24.58259061994641,2.1750000000000003,-1.2663917220878866,0.0,0.0,7069.707482689867,7069.707482689867,0.0,7069.707482689867,51.25537924950154,0.029,0.0,rbc,0.029,0.0,1.0,0.0,0.0,0.0,not_used,0.0,False,,0.0
61,203,2024-01-03 02:45:00,1.0,6.60311264457958,0.0,0.0,0.0,1.0,0.0,0.0,6.6042780566400765,24.582600200925604,2.2,-1.515492125528417,0.0,0.0,7060.981858158951,7060.98185815895,0.0,7060.981858158951,51.19211847165239,0.029,0.0,rbc,0.029,0.0,1.0,0.0,0.0,0.0,not_used,0.0,False,,0.0
62,204,2024-01-03 03:00:00,1.0,6.603889593417842,0.0,0.0,0.0,1.0,0.0,0.0,6.605054955783196,24.582610718932656,2.1500000000000004,-1.3551606473147824,0.0,0.0,7066.472690357345,7066.472690357344,0.0,7066.472690357345,51.23192700509075,0.029,0.0,rbc,0.029,0.0,1.0,0.0,0.0,0.0,not_used,0.0,False,,0.0
63,205,2024-01-03 03:15:00,1.0,6.604666508991767,0.0,0.0,0.0,1.0,0.0,0.0,6.60583182203413,24.582621283751493,2.1,-1.1962581739235625,0.0,0.0,7072.367761441785,7072.367761441784,0.0,7072.367761441785,51.27466627045294,0.029,0.0,rbc,0.029,0.0,1.0,0.0,0.0,0.0,not_used,0.0,False,,0.0
64,206,2024-01-03 03:30:00,1.0,6.605443391711196,0.0,0.0,0.0,1.0,0.0,0.0,6.6066086553963,24.582630617001318,2.05,-1.0387723733844938,0.0,0.0,7078.702236291597,7078.702236291597,0.0,7078.702236291597,51.32059121311408,0.029,0.0,rbc,0.029,0.0,1.0,0.0,0.0,0.0,not_used,0.0,False,,0.0
65,207,2024-01-03 03:45:00,1.0,6.606220241506682,0.0,0.0,0.0,1.0,0.0,0.0,6.607385455817877,24.582638215145156,2.0,-0.8826855317331079,0.0,0.0,7085.520920605633,7085.520920605633,0.0,7085.520920605633,51.37002667439084,0.029,0.0,rbc,0.029,0.0,1.0,0.0,0.0,0.0,not_used,0.0,False,,0.0
66,208,2024-01-03 04:00:00,1.0,6.606997058400231,0.0,0.0,0.0,1.0,0.0,0.0,6.608162223225271,24.582653735774436,2.0,-0.8826855317331079,0.0,0.0,7085.52089130609,7085.520891306089,0.0,7085.52089130609,51.370026461969154,0.029,0.0,rbc,0.029,0.0,1.0,0.0,0.0,0.0,not_used,0.0,False,,0.0
67,209,2024-01-03 04:15:00,1.0,6.607773842328792,0.0,0.0,0.0,1.0,0.0,0.0,6.608938957962241,24.58268328185145,2.0,-0.8826855317331079,0.0,0.0,7085.521088109856,7085.521088109855,0.0,7085.521088109856,51.37002788879646,0.029,0.0,rbc,0.029,0.0,1.0,0.0,0.0,0.0,not_used,0.0,False,,0.0
68,210,2024-01-03 04:30:00,1.0,6.608550593380759,0.0,0.0,0.0,1.0,0.0,0.0,6.609715660636255,24.58272851646348,2.0,-0.8826855317331079,0.0,0.0,7085.521473231926,7085.521473231926,0.0,7085.521473231926,51.37003068093147,0.029,0.0,rbc,0.029,0.0,1.0,0.0,0.0,0.0,not_used,0.0,False,,0.0
69,211,2024-01-03 04:45:00,1.0,6.6093273120802465,0.0,0.0,0.0,1.0,0.0,0.0,6.6104923319266184,24.582788765973753,2.0,-0.8826855317331079,0.0,0.0,7085.522103416846,7085.522103416845,0.0,7085.522103416846,51.37003524977214,0.029,0.0,rbc,0.029,0.0,1.0,0.0,0.0,0.0,not_used,0.0,False,,0.0
70,212,2024-01-03 05:00:00,1.0,6.610103999074717,0.0,0.0,0.0,1.0,0.0,0.0,6.611268972483504,24.582877721074926,2.125,-0.9615362607497996,0.0,0.0,7082.007986426952,7082.00798642695,0.0,7082.007986426952,51.3445579015954,0.029,0.0,rbc,0.029,0.0,1.0,0.0,0.0,0.0,not_used,0.0,False,,0.0
71,213,2024-01-03 05:15:00,1.0,6.6108806549872945,0.0,0.0,0.0,1.0,0.0,0.0,6.612045583548674,24.58298708506908,2.25,-1.0429830863048437,0.0,0.0,7078.530119488962,7078.530119488962,0.0,7078.530119488962,51.31934336629497,0.029,0.0,rbc,0.029,0.0,1.0,0.0,0.0,0.0,not_used,0.0,False,,0.0
72,214,2024-01-03 05:30:00,1.0,6.611657280814488,0.0,0.0,0.0,1.0,0.0,0.0,6.612822166005312,24.583113247753136,2.375,-1.1270714198205523,0.0,0.0,7075.09410899134,7075.09410899134,0.0,7075.09410899134,51.29443229018722,0.029,0.0,rbc,0.029,0.0,1.0,0.0,0.0,0.0,not_used,0.0,False,,0.0
73,215,2024-01-03 05:45:00,1.0,6.612433877580938,0.0,0.0,0.0,1.0,0.0,0.0,6.613598720580555,24.58325614604312,2.5,-1.2138477147805546,0.0,0.0,7071.7000642101375,7071.700064210137,0.0,7071.7000642101375,51.269825465523496,0.029,0.0,rbc,0.029,0.0,1.0,0.0,0.0,0.0,not_used,0.0,False,,0.0
74,216,2024-01-03 06:00:00,1.0,6.613210446097738,0.0,0.0,0.0,1.0,0.0,0.0,6.614375247998783,24.583413967712392,2.7,-1.0272459471146345,0.0,0.0,7079.199200801545,7079.199200801545,0.0,7079.199200801545,51.3241942058112,0.029,0.0,rbc,0.029,0.0,1.0,0.0,0.0,0.0,not_used,0.0,False,,0.0
75,217,2024-01-03 06:15:00,1.0,6.613986987095527,0.0,0.0,0.0,1.0,0.0,0.0,6.615151748906033,24.583567482657568,2.9,-0.8402652200784148,0.0,0.0,7087.491896896938,7087.491896896938,0.0,7087.491896896938,51.3843162525028,0.029,0.0,rbc,0.029,0.0,1.0,0.0,0.0,0.0,not_used,0.0,False,,0.0
76,218,2024-01-03 06:30:00,1.0,6.6147635012643695,0.0,0.0,0.0,1.0,0.0,0.0,6.615928223117322,24.583712591807036,3.0999999999999996,-0.652905884175477,0.0,0.0,7096.685510400687,7096.685510400687,0.0,7096.685510400687,51.45096995040498,0.029,0.0,rbc,0.029,0.0,1.0,0.0,0.0,0.0,not_used,0.0,False,,0.0
77,219,2024-01-03 06:45:00,1.0,6.615539988792973,0.0,0.0,0.0,1.0,0.0,0.0,6.616704670270536,24.583848998120214,3.3,-0.46515936669491625,0.0,0.0,7106.915399091356,7106.915399091355,0.0,7106.915399091356,51.52513664341234,0.029,0.0,rbc,0.029,0.0,1.0,0.0,0.0,0.0,not_used,0.0,False,,0.0
78,220,2024-01-03 07:00:00,1.0,6.6163164494988616,0.0,0.0,0.0,1.0,0.0,0.0,6.617481089990747,24.583941608509246,3.2249999999999996,-0.3431522817825505,0.0,0.0,7114.177934272655,7114.177934272654,0.0,7114.177934272655,51.57779002347675,0.029,0.0,rbc,0.029,0.0,1.0,0.0,0.0,0.0,not_used,0.0,False,,0.0
79,221,2024-01-03 07:15:00,1.0,6.6170928829187625,0.0,0.0,0.0,1.0,0.0,0.0,6.618257480386546,24.583999987497066,3.15,-0.2234709138391399,0.0,0.0,7121.820475340048,7121.820475340048,0.0,7121.820475340048,51.633198446215346,0.029,0.0,rbc,0.029,0.0,1.0,0.0,0.0,0.0,not_used,0.0,False,,0.0
80,222,2024-01-03 07:30:00,1.0,6.617869287963157,0.0,0.0,0.0,1.0,0.0,0.0,6.61903383997992,24.584049306544628,3.075,0.10748992617876403,0.0,0.0,7146.080897347321,7146.080897347322,0.0,7146.080897347321,51.80908650576808,0.029,0.0,rbc,0.029,0.0,1.0,0.0,0.0,0.0,not_used,0.0,False,,0.0
81,223,2024-01-03 07:45:00,1.0,6.618645662980788,0.0,0.0,0.0,1.0,0.0,0.0,6.619810168380663,24.584122569393504,3.0,0.21523589021080347,0.0,0.0,7155.122350260341,7155.122350260339,0.0,7155.122350260341,51.87463703938747,0.029,0.0,rbc,0.029,0.0,1.0,0.0,0.0,0.0,not_used,0.0,False,,0.0
82,224,2024-01-03 08:00:00,1.0,6.61942200698146,0.5,1.0,0.0,0.0,0.0,0.0,6.620586466624793,24.584266663970922,2.975,0.1809693359568703,0.0,0.0,7152.179404970006,7152.179404970006,28.5,7123.679404970006,281.38533649631523,0.158,0.5,rbc,0.158,28.5,1.0,0.5,0.0,0.0,not_used,0.0,False,,0.5
83,225,2024-01-03 08:15:00,1.0,6.620198320285471,0.0,1.0,0.0,0.0,0.0,0.0,6.621362737774458,24.58450969516636,2.95,0.1467742447950975,0.0,0.0,7149.310701877892,7149.310701877892,0.0,7149.310701877892,51.832502588614716,0.029,0.0,rbc,0.029,0.0,1.0,0.0,0.0,0.0,not_used,0.0,False,,0.0
84,226,2024-01-03 08:30:00,1.0,6.620974604995032,0.0,0.0,0.0,1.0,0.0,0.0,6.622138986106194,24.584867321750867,2.925,0.1126518285792592,0.0,0.0,7146.508626231347,7146.508626231346,0.0,7146.508626231347,51.81218754017727,0.029,0.0,rbc,0.029,0.0,1.0,0.0,0.0,0.0,not_used,0.0,False,,0.0
85,227,2024-01-03 08:45:00,1.0,6.621750864753875,0.0,0.0,0.0,1.0,0.0,0.0,6.622915216573023,24.585327320522588,2.9,0.07860167076302,0.0,0.0,7143.774688029389,7143.774688029388,0.0,7143.774688029389,51.79236648821307,0.029,0.0,rbc,0.029,0.0,1.0,0.0,0.0,0.0,not_used,0.0,False,,0.0
86,228,2024-01-03 09:00:00,1.0,6.62252710411319,0.5,1.0,0.0,0.0,0.0,0.0,6.623691433599554,24.585890597258174,3.0749999999999997,0.05362798170946431,0.0,0.0,7141.811748050451,7141.811748050451,222.9,6918.911748050451,273.29701404799283,0.158,0.5,rbc,0.158,222.9,1.0,0.5,0.0,0.0,not_used,0.0,False,,0.5
87,229,2024-01-03 09:15:00,1.0,6.623303327887336,0.0,1.0,0.0,0.0,0.0,0.0,6.624467641655787,24.58652613251481,3.25,0.024152451828999524,0.0,0.0,7139.535540000442,7139.535540000442,0.0,7139.535540000442,51.761632665003205,0.029,0.0,rbc,0.029,0.0,1.0,0.0,0.0,0.0,not_used,0.0,False,,0.0
88,230,2024-01-03 09:30:00,1.0,6.624079540411462,0.0,0.0,0.0,1.0,0.0,0.0,6.625243843851763,24.587216856583293,3.4250000000000003,-0.25097308827507264,0.0,0.0,7120.065348250419,7120.0653482504185,0.0,7120.065348250419,51.620473774815544,0.029,0.0,rbc,0.029,0.0,1.0,0.0,0.0,0.0,not_used,0.0,False,,0.0
89,231,2024-01-03 09:45:00,1.0,6.624855745561961,0.0,0.0,0.0,1.0,0.0,0.0,6.626020042579068,24.587951648624095,3.6,-0.30266432915792923,0.0,0.0,7116.768933844046,7116.768933844045,0.0,7116.768933844046,51.59657477036934,0.029,0.0,rbc,0.029,0.0,1.0,0.0,0.0,0.0,not_used,0.0,False,,0.0
90,232,2024-01-03 10:00:00,1.0,6.625631946007991,0.5,1.0,0.0,0.0,0.0,0.0,6.626796239742177,24.58880123547917,4.45,0.6040246286776623,0.0,0.0,7193.750825649913,7193.750825649912,165.18,7028.570825649913,277.6285476131716,0.158,0.5,rbc,0.158,165.18,1.0,0.5,0.0,0.0,not_used,0.0,False,,0.5
91,233,2024-01-03 10:15:00,1.0,6.626408143963203,0.0,1.0,0.0,0.0,0.0,0.0,6.62757244030184,24.641786385663313,5.3,1.2498069583123281,0.0,0.0,7239.423458181364,7239.423458181364,0.0,7239.423458181364,52.48582007181489,0.029,0.0,rbc,0.029,0.0,1.0,0.0,0.0,0.0,not_used,0.0,False,,0.0
92,234,2024-01-03 10:30:00,1.0,6.627184342826839,0.0,0.0,0.0,1.0,0.0,0.0,6.628350897217157,24.93048713504256,6.15,1.8885440961711981,0.0,0.0,7154.997344831763,7154.997344831762,0.0,7154.997344831763,51.87373075003028,0.029,0.0,rbc,0.029,0.0,1.0,0.0,0.0,0.0,not_used,0.0,False,,0.0
93,235,2024-01-03 10:45:00,1.0,6.62796167155405,0.0,0.0,0.0,1.0,0.0,0.0,6.629141796487424,25.137978110422118,7.0,2.52016572833275,901.5564338206441,2998.2739908137455,9153.143805167505,9153.143805167505,0.0,9153.143805167505,66.36029258746441,0.029,0.0,rbc,0.029,0.0,1.0,0.0,0.0,0.0,not_used,0.0,False,,0.0
94,236,2024-01-03 11:00:00,1.0,6.628746349683857,0.0,0.0,0.0,1.0,0.0,0.0,6.629941628226746,25.20649145810352,7.45,2.8054178304750104,1144.94699580104,3807.7092787444167,9398.64450662421,9398.64450662421,304.38,9094.264506624211,188.7059885124524,0.083,0.0,rbc,0.083,304.38,1.0,0.0,0.0,0.0,not_used,0.0,False,,0.0
95,237,2024-01-03 11:15:00,1.0,6.629541715248177,0.0,0.0,0.0,1.0,0.0,0.0,6.6307443863445314,25.225706627134628,7.9,3.0866571587865232,1316.8619400294692,4379.440660803234,9571.231122106601,9571.231122106601,0.0,9571.231122106601,69.39142563527287,0.029,0.0,rbc,0.029,0.0,1.0,0.0,0.0,0.0,not_used,0.0,False,,0.0
